kp,ki,kd,score,improve_vs_baseline_pct,best_improve_vs_baseline_pct,start_error,track_error,deviation,max_error,strict_bad_rate,oscillation_rate,invalid_ratio,repeatability,aborted
0.15,0.14,0.05,144.18276351313796,0.0,0.0,34.932,4.683897435897435,7.882847626546885,34.932,0.0,0.06809116809116808,0.0,102.73864958428108,0
0.27749999999999997,0.2675,0.019994983163600585,109.3555840370783,24.154884139730196,24.154884139730196,27.06600000000001,3.512769230769231,6.112764273504412,27.06600000000001,0.0,0.5008888888888888,0.0,63.05657189479134,0
0.38587499999999997,0.3337086111390219,0.028573363584388164,107.299815610011,25.580691481035583,25.580691481035583,26.467999999999982,3.3865641025641,5.940229725380687,26.467999999999982,0.0,0.5851851851851853,0.0,63.35355691014709,0
0.47799375,0.2415898611390219,0.05927961358438817,107.37099611580396,25.53132323197544,25.580691481035583,26.53599999999999,3.417025641025643,5.989390674100471,26.53599999999999,0.0,0.5033573640530162,0.0,62.939287974020026,0
0.5701125,0.1494711111390219,0.07857336358438817,109.43262098752622,24.101454070441157,25.580691481035583,26.6,3.7248205128205107,6.080072769314897,26.6,0.014285714285714285,0.5466151368760064,0.0,64.85003786512442,0
