trial_index,phase,phase_trial_index,bootstrap_trials_used,optimisation_trials_used,validation_trials_used,test_index,sample_index,time_s,current_power,desired_output,kp,ki,kd,test_invalid,test_note
1,bootstrap,1,1,0,0,2,1,0.0,371.0,400.0,0.15,0.14,0.05,0,
1,bootstrap,1,1,0,0,2,2,0.3,396.0,400.0,0.15,0.14,0.05,0,
1,bootstrap,1,1,0,0,2,3,0.6,385.67,400.0,0.15,0.14,0.05,0,
1,bootstrap,1,1,0,0,2,4,0.8999999999999999,398.67,400.0,0.15,0.14,0.05,0,
1,bootstrap,1,1,0,0,2,5,1.2,394.67,400.0,0.15,0.14,0.05,0,
1,bootstrap,1,1,0,0,2,6,1.5,399.0,400.0,0.15,0.14,0.05,0,
1,bootstrap,1,1,0,0,2,7,1.7999999999999998,398.33,400.0,0.15,0.14,0.05,0,
1,bootstrap,1,1,0,0,2,8,2.1,400.67,400.0,0.15,0.14,0.05,0,
1,bootstrap,1,1,0,0,2,9,2.4,398.0,400.0,0.15,0.14,0.05,0,
1,bootstrap,1,1,0,0,2,10,2.6999999999999997,400.0,400.0,0.15,0.14,0.05,0,
1,bootstrap,1,1,0,0,2,11,3.0,398.67,400.0,0.15,0.14,0.05,0,
1,bootstrap,1,1,0,0,2,12,3.3,400.67,400.0,0.15,0.14,0.05,0,
1,bootstrap,1,1,0,0,2,13,3.5999999999999996,399.0,400.0,0.15,0.14,0.05,0,
1,bootstrap,1,1,0,0,2,14,3.9,398.67,400.0,0.15,0.14,0.05,0,
1,bootstrap,1,1,0,0,2,15,4.2,400.67,400.0,0.15,0.14,0.05,0,
1,bootstrap,1,1,0,0,2,16,4.5,398.33,400.0,0.15,0.14,0.05,0,
1,bootstrap,1,1,0,0,2,17,4.8,401.0,400.0,0.15,0.14,0.05,0,
1,bootstrap,1,1,0,0,2,18,5.1,397.33,400.0,0.15,0.14,0.05,0,
1,bootstrap,1,1,0,0,2,19,5.3999999999999995,399.33,400.0,0.15,0.14,0.05,0,
1,bootstrap,1,1,0,0,2,20,5.7,400.67,400.0,0.15,0.14,0.05,0,
1,bootstrap,1,1,0,0,2,21,6.0,399.0,400.0,0.15,0.14,0.05,0,
1,bootstrap,1,1,0,0,2,22,6.3,399.67,400.0,0.15,0.14,0.05,0,
1,bootstrap,1,1,0,0,2,23,6.6,400.33,400.0,0.15,0.14,0.05,0,
1,bootstrap,1,1,0,0,2,24,6.8999999999999995,399.0,400.0,0.15,0.14,0.05,0,
1,bootstrap,1,1,0,0,2,25,7.199999999999999,400.0,400.0,0.15,0.14,0.05,0,
1,bootstrap,1,1,0,0,2,26,7.5,400.67,400.0,0.15,0.14,0.05,0,
1,bootstrap,1,1,0,0,2,27,7.8,398.0,400.0,0.15,0.14,0.05,0,
1,bootstrap,1,1,0,0,2,28,8.1,399.0,400.0,0.15,0.14,0.05,0,
1,bootstrap,1,1,0,0,2,29,8.4,400.33,400.0,0.15,0.14,0.05,0,
1,bootstrap,1,1,0,0,2,30,8.7,399.0,400.0,0.15,0.14,0.05,0,
1,bootstrap,1,1,0,0,2,31,9.0,400.33,400.0,0.15,0.14,0.05,0,
1,bootstrap,1,1,0,0,2,32,9.299999999999999,399.33,400.0,0.15,0.14,0.05,0,
1,bootstrap,1,1,0,0,2,33,9.6,400.67,400.0,0.15,0.14,0.05,0,
1,bootstrap,1,1,0,0,2,34,9.9,398.0,400.0,0.15,0.14,0.05,0,
1,bootstrap,1,1,0,0,2,35,10.2,400.33,400.0,0.15,0.14,0.05,0,
1,bootstrap,1,1,0,0,2,36,10.5,400.0,400.0,0.15,0.14,0.05,0,
1,bootstrap,1,1,0,0,2,37,10.799999999999999,398.33,400.0,0.15,0.14,0.05,0,
1,bootstrap,1,1,0,0,2,38,11.1,401.33,400.0,0.15,0.14,0.05,0,
1,bootstrap,1,1,0,0,2,39,11.4,399.33,400.0,0.15,0.14,0.05,0,
1,bootstrap,1,1,0,0,3,1,0.0,367.67,400.0,0.15,0.14,0.05,0,
1,bootstrap,1,1,0,0,3,2,0.3,395.0,400.0,0.15,0.14,0.05,0,
1,bootstrap,1,1,0,0,3,3,0.6,386.67,400.0,0.15,0.14,0.05,0,
1,bootstrap,1,1,0,0,3,4,0.8999999999999999,395.67,400.0,0.15,0.14,0.05,0,
1,bootstrap,1,1,0,0,3,5,1.2,392.67,400.0,0.15,0.14,0.05,0,
1,bootstrap,1,1,0,0,3,6,1.5,398.0,400.0,0.15,0.14,0.05,0,
1,bootstrap,1,1,0,0,3,7,1.7999999999999998,397.33,400.0,0.15,0.14,0.05,0,
1,bootstrap,1,1,0,0,3,8,2.1,399.33,400.0,0.15,0.14,0.05,0,
1,bootstrap,1,1,0,0,3,9,2.4,397.0,400.0,0.15,0.14,0.05,0,
1,bootstrap,1,1,0,0,3,10,2.6999999999999997,399.67,400.0,0.15,0.14,0.05,0,
1,bootstrap,1,1,0,0,3,11,3.0,399.0,400.0,0.15,0.14,0.05,0,
1,bootstrap,1,1,0,0,3,12,3.3,399.33,400.0,0.15,0.14,0.05,0,
1,bootstrap,1,1,0,0,3,13,3.5999999999999996,401.33,400.0,0.15,0.14,0.05,0,
1,bootstrap,1,1,0,0,3,14,3.9,398.0,400.0,0.15,0.14,0.05,0,
1,bootstrap,1,1,0,0,3,15,4.2,401.0,400.0,0.15,0.14,0.05,0,
1,bootstrap,1,1,0,0,3,16,4.5,399.0,400.0,0.15,0.14,0.05,0,
1,bootstrap,1,1,0,0,3,17,4.8,400.0,400.0,0.15,0.14,0.05,0,
1,bootstrap,1,1,0,0,3,18,5.1,400.0,400.0,0.15,0.14,0.05,0,
1,bootstrap,1,1,0,0,3,19,5.3999999999999995,399.67,400.0,0.15,0.14,0.05,0,
1,bootstrap,1,1,0,0,3,20,5.7,399.67,400.0,0.15,0.14,0.05,0,
1,bootstrap,1,1,0,0,3,21,6.0,400.0,400.0,0.15,0.14,0.05,0,
1,bootstrap,1,1,0,0,3,22,6.3,398.0,400.0,0.15,0.14,0.05,0,
1,bootstrap,1,1,0,0,3,23,6.6,400.33,400.0,0.15,0.14,0.05,0,
1,bootstrap,1,1,0,0,3,24,6.8999999999999995,401.0,400.0,0.15,0.14,0.05,0,
1,bootstrap,1,1,0,0,3,25,7.199999999999999,399.67,400.0,0.15,0.14,0.05,0,
1,bootstrap,1,1,0,0,3,26,7.5,401.0,400.0,0.15,0.14,0.05,0,
1,bootstrap,1,1,0,0,3,27,7.8,398.67,400.0,0.15,0.14,0.05,0,
1,bootstrap,1,1,0,0,3,28,8.1,400.67,400.0,0.15,0.14,0.05,0,
1,bootstrap,1,1,0,0,3,29,8.4,398.67,400.0,0.15,0.14,0.05,0,
1,bootstrap,1,1,0,0,3,30,8.7,400.67,400.0,0.15,0.14,0.05,0,
1,bootstrap,1,1,0,0,3,31,9.0,400.0,400.0,0.15,0.14,0.05,0,
1,bootstrap,1,1,0,0,3,32,9.299999999999999,400.33,400.0,0.15,0.14,0.05,0,
1,bootstrap,1,1,0,0,3,33,9.6,400.0,400.0,0.15,0.14,0.05,0,
1,bootstrap,1,1,0,0,3,34,9.9,399.67,400.0,0.15,0.14,0.05,0,
1,bootstrap,1,1,0,0,3,35,10.2,399.33,400.0,0.15,0.14,0.05,0,
1,bootstrap,1,1,0,0,3,36,10.5,400.67,400.0,0.15,0.14,0.05,0,
1,bootstrap,1,1,0,0,3,37,10.799999999999999,399.67,400.0,0.15,0.14,0.05,0,
1,bootstrap,1,1,0,0,3,38,11.1,400.33,400.0,0.15,0.14,0.05,0,
1,bootstrap,1,1,0,0,3,39,11.4,399.0,400.0,0.15,0.14,0.05,0,
2,bootstrap,2,2,0,0,2,1,0.0,376.67,400.0,0.27749999999999997,0.14,0.05,0,
2,bootstrap,2,2,0,0,2,2,0.3,403.33,400.0,0.27749999999999997,0.14,0.05,0,
2,bootstrap,2,2,0,0,2,3,0.6,384.33,400.0,0.27749999999999997,0.14,0.05,0,
2,bootstrap,2,2,0,0,2,4,0.8999999999999999,405.33,400.0,0.27749999999999997,0.14,0.05,0,
2,bootstrap,2,2,0,0,2,5,1.2,386.67,400.0,0.27749999999999997,0.14,0.05,0,
2,bootstrap,2,2,0,0,2,6,1.5,406.33,400.0,0.27749999999999997,0.14,0.05,0,
2,bootstrap,2,2,0,0,2,7,1.7999999999999998,389.33,400.0,0.27749999999999997,0.14,0.05,0,
2,bootstrap,2,2,0,0,2,8,2.1,406.33,400.0,0.27749999999999997,0.14,0.05,0,
2,bootstrap,2,2,0,0,2,9,2.4,392.33,400.0,0.27749999999999997,0.14,0.05,0,
2,bootstrap,2,2,0,0,2,10,2.6999999999999997,404.33,400.0,0.27749999999999997,0.14,0.05,0,
2,bootstrap,2,2,0,0,2,11,3.0,394.33,400.0,0.27749999999999997,0.14,0.05,0,
2,bootstrap,2,2,0,0,2,12,3.3,402.33,400.0,0.27749999999999997,0.14,0.05,0,
2,bootstrap,2,2,0,0,2,13,3.5999999999999996,394.67,400.0,0.27749999999999997,0.14,0.05,0,
2,bootstrap,2,2,0,0,2,14,3.9,403.67,400.0,0.27749999999999997,0.14,0.05,0,
2,bootstrap,2,2,0,0,2,15,4.2,395.33,400.0,0.27749999999999997,0.14,0.05,0,
2,bootstrap,2,2,0,0,2,16,4.5,402.0,400.0,0.27749999999999997,0.14,0.05,0,
2,bootstrap,2,2,0,0,2,17,4.8,397.67,400.0,0.27749999999999997,0.14,0.05,0,
2,bootstrap,2,2,0,0,2,18,5.1,401.0,400.0,0.27749999999999997,0.14,0.05,0,
2,bootstrap,2,2,0,0,2,19,5.3999999999999995,398.0,400.0,0.27749999999999997,0.14,0.05,0,
2,bootstrap,2,2,0,0,2,20,5.7,401.67,400.0,0.27749999999999997,0.14,0.05,0,
2,bootstrap,2,2,0,0,2,21,6.0,398.0,400.0,0.27749999999999997,0.14,0.05,0,
2,bootstrap,2,2,0,0,2,22,6.3,399.33,400.0,0.27749999999999997,0.14,0.05,0,
2,bootstrap,2,2,0,0,2,23,6.6,401.0,400.0,0.27749999999999997,0.14,0.05,0,
2,bootstrap,2,2,0,0,2,24,6.8999999999999995,397.33,400.0,0.27749999999999997,0.14,0.05,0,
2,bootstrap,2,2,0,0,2,25,7.199999999999999,402.33,400.0,0.27749999999999997,0.14,0.05,0,
2,bootstrap,2,2,0,0,2,26,7.5,396.67,400.0,0.27749999999999997,0.14,0.05,0,
2,bootstrap,2,2,0,0,2,27,7.8,401.67,400.0,0.27749999999999997,0.14,0.05,0,
2,bootstrap,2,2,0,0,2,28,8.1,398.0,400.0,0.27749999999999997,0.14,0.05,0,
2,bootstrap,2,2,0,0,2,29,8.4,401.67,400.0,0.27749999999999997,0.14,0.05,0,
2,bootstrap,2,2,0,0,2,30,8.7,397.67,400.0,0.27749999999999997,0.14,0.05,0,
2,bootstrap,2,2,0,0,2,31,9.0,402.0,400.0,0.27749999999999997,0.14,0.05,0,
2,bootstrap,2,2,0,0,2,32,9.299999999999999,395.33,400.0,0.27749999999999997,0.14,0.05,0,
2,bootstrap,2,2,0,0,2,33,9.6,405.67,400.0,0.27749999999999997,0.14,0.05,0,
2,bootstrap,2,2,0,0,2,34,9.9,394.67,400.0,0.27749999999999997,0.14,0.05,0,
2,bootstrap,2,2,0,0,2,35,10.2,404.0,400.0,0.27749999999999997,0.14,0.05,0,
2,bootstrap,2,2,0,0,2,36,10.5,396.67,400.0,0.27749999999999997,0.14,0.05,0,
2,bootstrap,2,2,0,0,2,37,10.799999999999999,402.0,400.0,0.27749999999999997,0.14,0.05,0,
2,bootstrap,2,2,0,0,2,38,11.1,397.33,400.0,0.27749999999999997,0.14,0.05,0,
2,bootstrap,2,2,0,0,2,39,11.4,401.0,400.0,0.27749999999999997,0.14,0.05,0,
2,bootstrap,2,2,0,0,3,1,0.0,373.33,400.0,0.27749999999999997,0.14,0.05,0,
2,bootstrap,2,2,0,0,3,2,0.3,404.33,400.0,0.27749999999999997,0.14,0.05,0,
2,bootstrap,2,2,0,0,3,3,0.6,379.33,400.0,0.27749999999999997,0.14,0.05,0,
2,bootstrap,2,2,0,0,3,4,0.8999999999999999,403.67,400.0,0.27749999999999997,0.14,0.05,0,
2,bootstrap,2,2,0,0,3,5,1.2,387.0,400.0,0.27749999999999997,0.14,0.05,0,
2,bootstrap,2,2,0,0,3,6,1.5,404.33,400.0,0.27749999999999997,0.14,0.05,0,
2,bootstrap,2,2,0,0,3,7,1.7999999999999998,390.33,400.0,0.27749999999999997,0.14,0.05,0,
2,bootstrap,2,2,0,0,3,8,2.1,403.33,400.0,0.27749999999999997,0.14,0.05,0,
2,bootstrap,2,2,0,0,3,9,2.4,394.0,400.0,0.27749999999999997,0.14,0.05,0,
2,bootstrap,2,2,0,0,3,10,2.6999999999999997,402.0,400.0,0.27749999999999997,0.14,0.05,0,
2,bootstrap,2,2,0,0,3,11,3.0,395.33,400.0,0.27749999999999997,0.14,0.05,0,
2,bootstrap,2,2,0,0,3,12,3.3,402.0,400.0,0.27749999999999997,0.14,0.05,0,
2,bootstrap,2,2,0,0,3,13,3.5999999999999996,397.0,400.0,0.27749999999999997,0.14,0.05,0,
2,bootstrap,2,2,0,0,3,14,3.9,400.67,400.0,0.27749999999999997,0.14,0.05,0,
2,bootstrap,2,2,0,0,3,15,4.2,398.0,400.0,0.27749999999999997,0.14,0.05,0,
2,bootstrap,2,2,0,0,3,16,4.5,401.33,400.0,0.27749999999999997,0.14,0.05,0,
2,bootstrap,2,2,0,0,3,17,4.8,397.67,400.0,0.27749999999999997,0.14,0.05,0,
2,bootstrap,2,2,0,0,3,18,5.1,401.0,400.0,0.27749999999999997,0.14,0.05,0,
2,bootstrap,2,2,0,0,3,19,5.3999999999999995,398.33,400.0,0.27749999999999997,0.14,0.05,0,
2,bootstrap,2,2,0,0,3,20,5.7,402.33,400.0,0.27749999999999997,0.14,0.05,0,
2,bootstrap,2,2,0,0,3,21,6.0,398.33,400.0,0.27749999999999997,0.14,0.05,0,
2,bootstrap,2,2,0,0,3,22,6.3,401.67,400.0,0.27749999999999997,0.14,0.05,0,
2,bootstrap,2,2,0,0,3,23,6.6,398.0,400.0,0.27749999999999997,0.14,0.05,0,
2,bootstrap,2,2,0,0,3,24,6.8999999999999995,401.67,400.0,0.27749999999999997,0.14,0.05,0,
2,bootstrap,2,2,0,0,3,25,7.199999999999999,398.33,400.0,0.27749999999999997,0.14,0.05,0,
2,bootstrap,2,2,0,0,3,26,7.5,400.33,400.0,0.27749999999999997,0.14,0.05,0,
2,bootstrap,2,2,0,0,3,27,7.8,399.67,400.0,0.27749999999999997,0.14,0.05,0,
2,bootstrap,2,2,0,0,3,28,8.1,400.0,400.0,0.27749999999999997,0.14,0.05,0,
2,bootstrap,2,2,0,0,3,29,8.4,399.33,400.0,0.27749999999999997,0.14,0.05,0,
2,bootstrap,2,2,0,0,3,30,8.7,399.0,400.0,0.27749999999999997,0.14,0.05,0,
2,bootstrap,2,2,0,0,3,31,9.0,402.0,400.0,0.27749999999999997,0.14,0.05,0,
2,bootstrap,2,2,0,0,3,32,9.299999999999999,397.33,400.0,0.27749999999999997,0.14,0.05,0,
2,bootstrap,2,2,0,0,3,33,9.6,402.67,400.0,0.27749999999999997,0.14,0.05,0,
2,bootstrap,2,2,0,0,3,34,9.9,397.67,400.0,0.27749999999999997,0.14,0.05,0,
2,bootstrap,2,2,0,0,3,35,10.2,402.0,400.0,0.27749999999999997,0.14,0.05,0,
2,bootstrap,2,2,0,0,3,36,10.5,399.33,400.0,0.27749999999999997,0.14,0.05,0,
2,bootstrap,2,2,0,0,3,37,10.799999999999999,400.0,400.0,0.27749999999999997,0.14,0.05,0,
2,bootstrap,2,2,0,0,3,38,11.1,398.67,400.0,0.27749999999999997,0.14,0.05,0,
2,bootstrap,2,2,0,0,3,39,11.4,400.67,400.0,0.27749999999999997,0.14,0.05,0,
3,bootstrap,3,3,0,0,1,1,0.0,373.33,400.0,0.016124999999999973,0.14,0.05,0,
3,bootstrap,3,3,0,0,1,2,0.3,385.0,400.0,0.016124999999999973,0.14,0.05,0,
3,bootstrap,3,3,0,0,1,3,0.6,387.33,400.0,0.016124999999999973,0.14,0.05,0,
3,bootstrap,3,3,0,0,1,4,0.8999999999999999,392.67,400.0,0.016124999999999973,0.14,0.05,0,
3,bootstrap,3,3,0,0,1,5,1.2,396.33,400.0,0.016124999999999973,0.14,0.05,0,
3,bootstrap,3,3,0,0,1,6,1.5,399.67,400.0,0.016124999999999973,0.14,0.05,0,
3,bootstrap,3,3,0,0,1,7,1.7999999999999998,398.33,400.0,0.016124999999999973,0.14,0.05,0,
3,bootstrap,3,3,0,0,1,8,2.1,400.0,400.0,0.016124999999999973,0.14,0.05,0,
3,bootstrap,3,3,0,0,1,9,2.4,401.33,400.0,0.016124999999999973,0.14,0.05,0,
3,bootstrap,3,3,0,0,1,10,2.6999999999999997,400.0,400.0,0.016124999999999973,0.14,0.05,0,
3,bootstrap,3,3,0,0,1,11,3.0,400.0,400.0,0.016124999999999973,0.14,0.05,0,
3,bootstrap,3,3,0,0,1,12,3.3,399.67,400.0,0.016124999999999973,0.14,0.05,0,
3,bootstrap,3,3,0,0,1,13,3.5999999999999996,401.0,400.0,0.016124999999999973,0.14,0.05,0,
3,bootstrap,3,3,0,0,1,14,3.9,399.0,400.0,0.016124999999999973,0.14,0.05,0,
3,bootstrap,3,3,0,0,1,15,4.2,399.67,400.0,0.016124999999999973,0.14,0.05,0,
3,bootstrap,3,3,0,0,1,16,4.5,399.67,400.0,0.016124999999999973,0.14,0.05,0,
3,bootstrap,3,3,0,0,1,17,4.8,401.0,400.0,0.016124999999999973,0.14,0.05,0,
3,bootstrap,3,3,0,0,1,18,5.1,399.67,400.0,0.016124999999999973,0.14,0.05,0,
3,bootstrap,3,3,0,0,1,19,5.3999999999999995,401.0,400.0,0.016124999999999973,0.14,0.05,0,
3,bootstrap,3,3,0,0,1,20,5.7,399.0,400.0,0.016124999999999973,0.14,0.05,0,
3,bootstrap,3,3,0,0,1,21,6.0,400.0,400.0,0.016124999999999973,0.14,0.05,0,
3,bootstrap,3,3,0,0,1,22,6.3,399.0,400.0,0.016124999999999973,0.14,0.05,0,
3,bootstrap,3,3,0,0,1,23,6.6,399.67,400.0,0.016124999999999973,0.14,0.05,0,
3,bootstrap,3,3,0,0,1,24,6.8999999999999995,400.67,400.0,0.016124999999999973,0.14,0.05,0,
3,bootstrap,3,3,0,0,1,25,7.199999999999999,399.33,400.0,0.016124999999999973,0.14,0.05,0,
3,bootstrap,3,3,0,0,1,26,7.5,400.0,400.0,0.016124999999999973,0.14,0.05,0,
3,bootstrap,3,3,0,0,1,27,7.8,400.0,400.0,0.016124999999999973,0.14,0.05,0,
3,bootstrap,3,3,0,0,1,28,8.1,400.33,400.0,0.016124999999999973,0.14,0.05,0,
3,bootstrap,3,3,0,0,1,29,8.4,398.33,400.0,0.016124999999999973,0.14,0.05,0,
3,bootstrap,3,3,0,0,1,30,8.7,401.0,400.0,0.016124999999999973,0.14,0.05,0,
3,bootstrap,3,3,0,0,1,31,9.0,400.0,400.0,0.016124999999999973,0.14,0.05,0,
3,bootstrap,3,3,0,0,1,32,9.299999999999999,399.33,400.0,0.016124999999999973,0.14,0.05,0,
3,bootstrap,3,3,0,0,1,33,9.6,400.0,400.0,0.016124999999999973,0.14,0.05,0,
3,bootstrap,3,3,0,0,1,34,9.9,398.67,400.0,0.016124999999999973,0.14,0.05,0,
3,bootstrap,3,3,0,0,1,35,10.2,402.33,400.0,0.016124999999999973,0.14,0.05,0,
3,bootstrap,3,3,0,0,1,36,10.5,398.33,400.0,0.016124999999999973,0.14,0.05,0,
3,bootstrap,3,3,0,0,1,37,10.799999999999999,400.33,400.0,0.016124999999999973,0.14,0.05,0,
3,bootstrap,3,3,0,0,1,38,11.1,398.67,400.0,0.016124999999999973,0.14,0.05,0,
3,bootstrap,3,3,0,0,1,39,11.4,400.67,400.0,0.016124999999999973,0.14,0.05,0,
3,bootstrap,3,3,0,0,2,1,0.0,372.33,400.0,0.016124999999999973,0.14,0.05,0,
3,bootstrap,3,3,0,0,2,2,0.3,385.33,400.0,0.016124999999999973,0.14,0.05,0,
3,bootstrap,3,3,0,0,2,3,0.6,388.33,400.0,0.016124999999999973,0.14,0.05,0,
3,bootstrap,3,3,0,0,2,4,0.8999999999999999,391.0,400.0,0.016124999999999973,0.14,0.05,0,
3,bootstrap,3,3,0,0,2,5,1.2,396.0,400.0,0.016124999999999973,0.14,0.05,0,
3,bootstrap,3,3,0,0,2,6,1.5,397.33,400.0,0.016124999999999973,0.14,0.05,0,
3,bootstrap,3,3,0,0,2,7,1.7999999999999998,399.67,400.0,0.016124999999999973,0.14,0.05,0,
3,bootstrap,3,3,0,0,2,8,2.1,400.33,400.0,0.016124999999999973,0.14,0.05,0,
3,bootstrap,3,3,0,0,2,9,2.4,401.0,400.0,0.016124999999999973,0.14,0.05,0,
3,bootstrap,3,3,0,0,2,10,2.6999999999999997,400.0,400.0,0.016124999999999973,0.14,0.05,0,
3,bootstrap,3,3,0,0,2,11,3.0,398.67,400.0,0.016124999999999973,0.14,0.05,0,
3,bootstrap,3,3,0,0,2,12,3.3,401.33,400.0,0.016124999999999973,0.14,0.05,0,
3,bootstrap,3,3,0,0,2,13,3.5999999999999996,398.67,400.0,0.016124999999999973,0.14,0.05,0,
3,bootstrap,3,3,0,0,2,14,3.9,399.33,400.0,0.016124999999999973,0.14,0.05,0,
3,bootstrap,3,3,0,0,2,15,4.2,400.67,400.0,0.016124999999999973,0.14,0.05,0,
3,bootstrap,3,3,0,0,2,16,4.5,399.33,400.0,0.016124999999999973,0.14,0.05,0,
3,bootstrap,3,3,0,0,2,17,4.8,401.0,400.0,0.016124999999999973,0.14,0.05,0,
3,bootstrap,3,3,0,0,2,18,5.1,400.33,400.0,0.016124999999999973,0.14,0.05,0,
3,bootstrap,3,3,0,0,2,19,5.3999999999999995,397.33,400.0,0.016124999999999973,0.14,0.05,0,
3,bootstrap,3,3,0,0,2,20,5.7,400.67,400.0,0.016124999999999973,0.14,0.05,0,
3,bootstrap,3,3,0,0,2,21,6.0,401.0,400.0,0.016124999999999973,0.14,0.05,0,
3,bootstrap,3,3,0,0,2,22,6.3,401.0,400.0,0.016124999999999973,0.14,0.05,0,
3,bootstrap,3,3,0,0,2,23,6.6,399.67,400.0,0.016124999999999973,0.14,0.05,0,
3,bootstrap,3,3,0,0,2,24,6.8999999999999995,398.0,400.0,0.016124999999999973,0.14,0.05,0,
3,bootstrap,3,3,0,0,2,25,7.199999999999999,401.0,400.0,0.016124999999999973,0.14,0.05,0,
3,bootstrap,3,3,0,0,2,26,7.5,398.67,400.0,0.016124999999999973,0.14,0.05,0,
3,bootstrap,3,3,0,0,2,27,7.8,400.33,400.0,0.016124999999999973,0.14,0.05,0,
3,bootstrap,3,3,0,0,2,28,8.1,401.67,400.0,0.016124999999999973,0.14,0.05,0,
3,bootstrap,3,3,0,0,2,29,8.4,400.0,400.0,0.016124999999999973,0.14,0.05,0,
3,bootstrap,3,3,0,0,2,30,8.7,399.0,400.0,0.016124999999999973,0.14,0.05,0,
3,bootstrap,3,3,0,0,2,31,9.0,400.33,400.0,0.016124999999999973,0.14,0.05,0,
3,bootstrap,3,3,0,0,2,32,9.299999999999999,398.67,400.0,0.016124999999999973,0.14,0.05,0,
3,bootstrap,3,3,0,0,2,33,9.6,401.0,400.0,0.016124999999999973,0.14,0.05,0,
3,bootstrap,3,3,0,0,2,34,9.9,399.0,400.0,0.016124999999999973,0.14,0.05,0,
3,bootstrap,3,3,0,0,2,35,10.2,400.33,400.0,0.016124999999999973,0.14,0.05,0,
3,bootstrap,3,3,0,0,2,36,10.5,400.67,400.0,0.016124999999999973,0.14,0.05,0,
3,bootstrap,3,3,0,0,2,37,10.799999999999999,399.0,400.0,0.016124999999999973,0.14,0.05,0,
3,bootstrap,3,3,0,0,2,38,11.1,401.0,400.0,0.016124999999999973,0.14,0.05,0,
3,bootstrap,3,3,0,0,2,39,11.4,399.67,400.0,0.016124999999999973,0.14,0.05,0,
3,bootstrap,3,3,0,0,3,1,0.0,368.67,400.0,0.016124999999999973,0.14,0.05,0,
3,bootstrap,3,3,0,0,3,2,0.3,387.33,400.0,0.016124999999999973,0.14,0.05,0,
3,bootstrap,3,3,0,0,3,3,0.6,386.0,400.0,0.016124999999999973,0.14,0.05,0,
3,bootstrap,3,3,0,0,3,4,0.8999999999999999,393.33,400.0,0.016124999999999973,0.14,0.05,0,
3,bootstrap,3,3,0,0,3,5,1.2,396.33,400.0,0.016124999999999973,0.14,0.05,0,
3,bootstrap,3,3,0,0,3,6,1.5,398.0,400.0,0.016124999999999973,0.14,0.05,0,
3,bootstrap,3,3,0,0,3,7,1.7999999999999998,399.67,400.0,0.016124999999999973,0.14,0.05,0,
3,bootstrap,3,3,0,0,3,8,2.1,400.0,400.0,0.016124999999999973,0.14,0.05,0,
3,bootstrap,3,3,0,0,3,9,2.4,400.0,400.0,0.016124999999999973,0.14,0.05,0,
3,bootstrap,3,3,0,0,3,10,2.6999999999999997,399.33,400.0,0.016124999999999973,0.14,0.05,0,
3,bootstrap,3,3,0,0,3,11,3.0,400.0,400.0,0.016124999999999973,0.14,0.05,0,
3,bootstrap,3,3,0,0,3,12,3.3,399.0,400.0,0.016124999999999973,0.14,0.05,0,
3,bootstrap,3,3,0,0,3,13,3.5999999999999996,401.0,400.0,0.016124999999999973,0.14,0.05,0,
3,bootstrap,3,3,0,0,3,14,3.9,399.33,400.0,0.016124999999999973,0.14,0.05,0,
3,bootstrap,3,3,0,0,3,15,4.2,400.33,400.0,0.016124999999999973,0.14,0.05,0,
3,bootstrap,3,3,0,0,3,16,4.5,399.33,400.0,0.016124999999999973,0.14,0.05,0,
3,bootstrap,3,3,0,0,3,17,4.8,401.0,400.0,0.016124999999999973,0.14,0.05,0,
3,bootstrap,3,3,0,0,3,18,5.1,399.67,400.0,0.016124999999999973,0.14,0.05,0,
3,bootstrap,3,3,0,0,3,19,5.3999999999999995,399.33,400.0,0.016124999999999973,0.14,0.05,0,
3,bootstrap,3,3,0,0,3,20,5.7,400.33,400.0,0.016124999999999973,0.14,0.05,0,
3,bootstrap,3,3,0,0,3,21,6.0,398.67,400.0,0.016124999999999973,0.14,0.05,0,
3,bootstrap,3,3,0,0,3,22,6.3,399.67,400.0,0.016124999999999973,0.14,0.05,0,
3,bootstrap,3,3,0,0,3,23,6.6,400.33,400.0,0.016124999999999973,0.14,0.05,0,
3,bootstrap,3,3,0,0,3,24,6.8999999999999995,400.0,400.0,0.016124999999999973,0.14,0.05,0,
3,bootstrap,3,3,0,0,3,25,7.199999999999999,400.33,400.0,0.016124999999999973,0.14,0.05,0,
3,bootstrap,3,3,0,0,3,26,7.5,400.0,400.0,0.016124999999999973,0.14,0.05,0,
3,bootstrap,3,3,0,0,3,27,7.8,400.0,400.0,0.016124999999999973,0.14,0.05,0,
3,bootstrap,3,3,0,0,3,28,8.1,400.0,400.0,0.016124999999999973,0.14,0.05,0,
3,bootstrap,3,3,0,0,3,29,8.4,400.0,400.0,0.016124999999999973,0.14,0.05,0,
3,bootstrap,3,3,0,0,3,30,8.7,401.33,400.0,0.016124999999999973,0.14,0.05,0,
3,bootstrap,3,3,0,0,3,31,9.0,398.33,400.0,0.016124999999999973,0.14,0.05,0,
3,bootstrap,3,3,0,0,3,32,9.299999999999999,399.33,400.0,0.016124999999999973,0.14,0.05,0,
3,bootstrap,3,3,0,0,3,33,9.6,400.67,400.0,0.016124999999999973,0.14,0.05,0,
3,bootstrap,3,3,0,0,3,34,9.9,399.33,400.0,0.016124999999999973,0.14,0.05,0,
3,bootstrap,3,3,0,0,3,35,10.2,398.67,400.0,0.016124999999999973,0.14,0.05,0,
3,bootstrap,3,3,0,0,3,36,10.5,400.33,400.0,0.016124999999999973,0.14,0.05,0,
3,bootstrap,3,3,0,0,3,37,10.799999999999999,400.67,400.0,0.016124999999999973,0.14,0.05,0,
3,bootstrap,3,3,0,0,3,38,11.1,401.33,400.0,0.016124999999999973,0.14,0.05,0,
3,bootstrap,3,3,0,0,3,39,11.4,401.0,400.0,0.016124999999999973,0.14,0.05,0,
4,bootstrap,4,4,0,0,2,1,0.0,374.33,400.0,0.0,0.14,0.05,0,
4,bootstrap,4,4,0,0,2,2,0.3,388.33,400.0,0.0,0.14,0.05,0,
4,bootstrap,4,4,0,0,2,3,0.6,392.33,400.0,0.0,0.14,0.05,0,
4,bootstrap,4,4,0,0,2,4,0.8999999999999999,395.33,400.0,0.0,0.14,0.05,0,
4,bootstrap,4,4,0,0,2,5,1.2,398.67,400.0,0.0,0.14,0.05,0,
4,bootstrap,4,4,0,0,2,6,1.5,399.33,400.0,0.0,0.14,0.05,0,
4,bootstrap,4,4,0,0,2,7,1.7999999999999998,399.67,400.0,0.0,0.14,0.05,0,
4,bootstrap,4,4,0,0,2,8,2.1,401.0,400.0,0.0,0.14,0.05,0,
4,bootstrap,4,4,0,0,2,9,2.4,401.0,400.0,0.0,0.14,0.05,0,
4,bootstrap,4,4,0,0,2,10,2.6999999999999997,400.33,400.0,0.0,0.14,0.05,0,
4,bootstrap,4,4,0,0,2,11,3.0,399.67,400.0,0.0,0.14,0.05,0,
4,bootstrap,4,4,0,0,2,12,3.3,397.67,400.0,0.0,0.14,0.05,0,
4,bootstrap,4,4,0,0,2,13,3.5999999999999996,400.67,400.0,0.0,0.14,0.05,0,
4,bootstrap,4,4,0,0,2,14,3.9,399.0,400.0,0.0,0.14,0.05,0,
4,bootstrap,4,4,0,0,2,15,4.2,399.67,400.0,0.0,0.14,0.05,0,
4,bootstrap,4,4,0,0,2,16,4.5,398.0,400.0,0.0,0.14,0.05,0,
4,bootstrap,4,4,0,0,2,17,4.8,399.33,400.0,0.0,0.14,0.05,0,
4,bootstrap,4,4,0,0,2,18,5.1,399.67,400.0,0.0,0.14,0.05,0,
4,bootstrap,4,4,0,0,2,19,5.3999999999999995,401.0,400.0,0.0,0.14,0.05,0,
4,bootstrap,4,4,0,0,2,20,5.7,398.67,400.0,0.0,0.14,0.05,0,
4,bootstrap,4,4,0,0,2,21,6.0,398.67,400.0,0.0,0.14,0.05,0,
4,bootstrap,4,4,0,0,2,22,6.3,400.33,400.0,0.0,0.14,0.05,0,
4,bootstrap,4,4,0,0,2,23,6.6,399.33,400.0,0.0,0.14,0.05,0,
4,bootstrap,4,4,0,0,2,24,6.8999999999999995,399.33,400.0,0.0,0.14,0.05,0,
4,bootstrap,4,4,0,0,2,25,7.199999999999999,400.0,400.0,0.0,0.14,0.05,0,
4,bootstrap,4,4,0,0,2,26,7.5,400.0,400.0,0.0,0.14,0.05,0,
4,bootstrap,4,4,0,0,2,27,7.8,397.67,400.0,0.0,0.14,0.05,0,
4,bootstrap,4,4,0,0,2,28,8.1,400.0,400.0,0.0,0.14,0.05,0,
4,bootstrap,4,4,0,0,2,29,8.4,399.33,400.0,0.0,0.14,0.05,0,
4,bootstrap,4,4,0,0,2,30,8.7,398.67,400.0,0.0,0.14,0.05,0,
4,bootstrap,4,4,0,0,2,31,9.0,400.33,400.0,0.0,0.14,0.05,0,
4,bootstrap,4,4,0,0,2,32,9.299999999999999,398.67,400.0,0.0,0.14,0.05,0,
4,bootstrap,4,4,0,0,2,33,9.6,399.33,400.0,0.0,0.14,0.05,0,
4,bootstrap,4,4,0,0,2,34,9.9,401.67,400.0,0.0,0.14,0.05,0,
4,bootstrap,4,4,0,0,2,35,10.2,399.33,400.0,0.0,0.14,0.05,0,
4,bootstrap,4,4,0,0,2,36,10.5,401.0,400.0,0.0,0.14,0.05,0,
4,bootstrap,4,4,0,0,2,37,10.799999999999999,399.67,400.0,0.0,0.14,0.05,0,
4,bootstrap,4,4,0,0,2,38,11.1,399.33,400.0,0.0,0.14,0.05,0,
4,bootstrap,4,4,0,0,2,39,11.4,398.67,400.0,0.0,0.14,0.05,0,
4,bootstrap,4,4,0,0,3,1,0.0,371.0,400.0,0.0,0.14,0.05,0,
4,bootstrap,4,4,0,0,3,2,0.3,385.33,400.0,0.0,0.14,0.05,0,
4,bootstrap,4,4,0,0,3,3,0.6,388.0,400.0,0.0,0.14,0.05,0,
4,bootstrap,4,4,0,0,3,4,0.8999999999999999,393.33,400.0,0.0,0.14,0.05,0,
4,bootstrap,4,4,0,0,3,5,1.2,396.0,400.0,0.0,0.14,0.05,0,
4,bootstrap,4,4,0,0,3,6,1.5,399.33,400.0,0.0,0.14,0.05,0,
4,bootstrap,4,4,0,0,3,7,1.7999999999999998,401.33,400.0,0.0,0.14,0.05,0,
4,bootstrap,4,4,0,0,3,8,2.1,399.0,400.0,0.0,0.14,0.05,0,
4,bootstrap,4,4,0,0,3,9,2.4,400.0,400.0,0.0,0.14,0.05,0,
4,bootstrap,4,4,0,0,3,10,2.6999999999999997,400.0,400.0,0.0,0.14,0.05,0,
4,bootstrap,4,4,0,0,3,11,3.0,401.33,400.0,0.0,0.14,0.05,0,
4,bootstrap,4,4,0,0,3,12,3.3,398.67,400.0,0.0,0.14,0.05,0,
4,bootstrap,4,4,0,0,3,13,3.5999999999999996,400.67,400.0,0.0,0.14,0.05,0,
4,bootstrap,4,4,0,0,3,14,3.9,398.67,400.0,0.0,0.14,0.05,0,
4,bootstrap,4,4,0,0,3,15,4.2,398.67,400.0,0.0,0.14,0.05,0,
4,bootstrap,4,4,0,0,3,16,4.5,401.0,400.0,0.0,0.14,0.05,0,
4,bootstrap,4,4,0,0,3,17,4.8,401.33,400.0,0.0,0.14,0.05,0,
4,bootstrap,4,4,0,0,3,18,5.1,399.33,400.0,0.0,0.14,0.05,0,
4,bootstrap,4,4,0,0,3,19,5.3999999999999995,399.67,400.0,0.0,0.14,0.05,0,
4,bootstrap,4,4,0,0,3,20,5.7,399.33,400.0,0.0,0.14,0.05,0,
4,bootstrap,4,4,0,0,3,21,6.0,399.0,400.0,0.0,0.14,0.05,0,
4,bootstrap,4,4,0,0,3,22,6.3,398.67,400.0,0.0,0.14,0.05,0,
4,bootstrap,4,4,0,0,3,23,6.6,400.33,400.0,0.0,0.14,0.05,0,
4,bootstrap,4,4,0,0,3,24,6.8999999999999995,401.33,400.0,0.0,0.14,0.05,0,
4,bootstrap,4,4,0,0,3,25,7.199999999999999,399.33,400.0,0.0,0.14,0.05,0,
4,bootstrap,4,4,0,0,3,26,7.5,400.67,400.0,0.0,0.14,0.05,0,
4,bootstrap,4,4,0,0,3,27,7.8,399.0,400.0,0.0,0.14,0.05,0,
4,bootstrap,4,4,0,0,3,28,8.1,402.33,400.0,0.0,0.14,0.05,0,
4,bootstrap,4,4,0,0,3,29,8.4,399.33,400.0,0.0,0.14,0.05,0,
4,bootstrap,4,4,0,0,3,30,8.7,399.33,400.0,0.0,0.14,0.05,0,
4,bootstrap,4,4,0,0,3,31,9.0,399.0,400.0,0.0,0.14,0.05,0,
4,bootstrap,4,4,0,0,3,32,9.299999999999999,398.33,400.0,0.0,0.14,0.05,0,
4,bootstrap,4,4,0,0,3,33,9.6,399.33,400.0,0.0,0.14,0.05,0,
4,bootstrap,4,4,0,0,3,34,9.9,400.67,400.0,0.0,0.14,0.05,0,
4,bootstrap,4,4,0,0,3,35,10.2,400.67,400.0,0.0,0.14,0.05,0,
4,bootstrap,4,4,0,0,3,36,10.5,400.67,400.0,0.0,0.14,0.05,0,
4,bootstrap,4,4,0,0,3,37,10.799999999999999,399.67,400.0,0.0,0.14,0.05,0,
4,bootstrap,4,4,0,0,3,38,11.1,399.33,400.0,0.0,0.14,0.05,0,
4,bootstrap,4,4,0,0,3,39,11.4,400.33,400.0,0.0,0.14,0.05,0,
5,bootstrap,5,5,0,0,1,1,0.0,371.33,400.0,0.12991874999999997,0.14,0.05,0,
5,bootstrap,5,5,0,0,1,2,0.3,392.33,400.0,0.12991874999999997,0.14,0.05,0,
5,bootstrap,5,5,0,0,1,3,0.6,387.0,400.0,0.12991874999999997,0.14,0.05,0,
5,bootstrap,5,5,0,0,1,4,0.8999999999999999,394.67,400.0,0.12991874999999997,0.14,0.05,0,
5,bootstrap,5,5,0,0,1,5,1.2,396.67,400.0,0.12991874999999997,0.14,0.05,0,
5,bootstrap,5,5,0,0,1,6,1.5,397.33,400.0,0.12991874999999997,0.14,0.05,0,
5,bootstrap,5,5,0,0,1,7,1.7999999999999998,397.0,400.0,0.12991874999999997,0.14,0.05,0,
5,bootstrap,5,5,0,0,1,8,2.1,400.33,400.0,0.12991874999999997,0.14,0.05,0,
5,bootstrap,5,5,0,0,1,9,2.4,397.0,400.0,0.12991874999999997,0.14,0.05,0,
5,bootstrap,5,5,0,0,1,10,2.6999999999999997,400.67,400.0,0.12991874999999997,0.14,0.05,0,
5,bootstrap,5,5,0,0,1,11,3.0,399.33,400.0,0.12991874999999997,0.14,0.05,0,
5,bootstrap,5,5,0,0,1,12,3.3,399.0,400.0,0.12991874999999997,0.14,0.05,0,
5,bootstrap,5,5,0,0,1,13,3.5999999999999996,399.67,400.0,0.12991874999999997,0.14,0.05,0,
5,bootstrap,5,5,0,0,1,14,3.9,399.0,400.0,0.12991874999999997,0.14,0.05,0,
5,bootstrap,5,5,0,0,1,15,4.2,400.67,400.0,0.12991874999999997,0.14,0.05,0,
5,bootstrap,5,5,0,0,1,16,4.5,399.67,400.0,0.12991874999999997,0.14,0.05,0,
5,bootstrap,5,5,0,0,1,17,4.8,398.0,400.0,0.12991874999999997,0.14,0.05,0,
5,bootstrap,5,5,0,0,1,18,5.1,401.0,400.0,0.12991874999999997,0.14,0.05,0,
5,bootstrap,5,5,0,0,1,19,5.3999999999999995,398.33,400.0,0.12991874999999997,0.14,0.05,0,
5,bootstrap,5,5,0,0,1,20,5.7,401.67,400.0,0.12991874999999997,0.14,0.05,0,
5,bootstrap,5,5,0,0,1,21,6.0,398.0,400.0,0.12991874999999997,0.14,0.05,0,
5,bootstrap,5,5,0,0,1,22,6.3,401.0,400.0,0.12991874999999997,0.14,0.05,0,
5,bootstrap,5,5,0,0,1,23,6.6,400.0,400.0,0.12991874999999997,0.14,0.05,0,
5,bootstrap,5,5,0,0,1,24,6.8999999999999995,400.0,400.0,0.12991874999999997,0.14,0.05,0,
5,bootstrap,5,5,0,0,1,25,7.199999999999999,399.33,400.0,0.12991874999999997,0.14,0.05,0,
5,bootstrap,5,5,0,0,1,26,7.5,399.0,400.0,0.12991874999999997,0.14,0.05,0,
5,bootstrap,5,5,0,0,1,27,7.8,400.33,400.0,0.12991874999999997,0.14,0.05,0,
5,bootstrap,5,5,0,0,1,28,8.1,397.67,400.0,0.12991874999999997,0.14,0.05,0,
5,bootstrap,5,5,0,0,1,29,8.4,400.67,400.0,0.12991874999999997,0.14,0.05,0,
5,bootstrap,5,5,0,0,1,30,8.7,398.67,400.0,0.12991874999999997,0.14,0.05,0,
5,bootstrap,5,5,0,0,1,31,9.0,400.67,400.0,0.12991874999999997,0.14,0.05,0,
5,bootstrap,5,5,0,0,1,32,9.299999999999999,399.67,400.0,0.12991874999999997,0.14,0.05,0,
5,bootstrap,5,5,0,0,1,33,9.6,400.0,400.0,0.12991874999999997,0.14,0.05,0,
5,bootstrap,5,5,0,0,1,34,9.9,400.33,400.0,0.12991874999999997,0.14,0.05,0,
5,bootstrap,5,5,0,0,1,35,10.2,400.33,400.0,0.12991874999999997,0.14,0.05,0,
5,bootstrap,5,5,0,0,1,36,10.5,401.0,400.0,0.12991874999999997,0.14,0.05,0,
5,bootstrap,5,5,0,0,1,37,10.799999999999999,398.33,400.0,0.12991874999999997,0.14,0.05,0,
5,bootstrap,5,5,0,0,1,38,11.1,402.0,400.0,0.12991874999999997,0.14,0.05,0,
5,bootstrap,5,5,0,0,1,39,11.4,398.67,400.0,0.12991874999999997,0.14,0.05,0,
5,bootstrap,5,5,0,0,2,1,0.0,367.67,400.0,0.12991874999999997,0.14,0.05,0,
5,bootstrap,5,5,0,0,2,2,0.3,394.67,400.0,0.12991874999999997,0.14,0.05,0,
5,bootstrap,5,5,0,0,2,3,0.6,385.67,400.0,0.12991874999999997,0.14,0.05,0,
5,bootstrap,5,5,0,0,2,4,0.8999999999999999,394.33,400.0,0.12991874999999997,0.14,0.05,0,
5,bootstrap,5,5,0,0,2,5,1.2,393.67,400.0,0.12991874999999997,0.14,0.05,0,
5,bootstrap,5,5,0,0,2,6,1.5,397.67,400.0,0.12991874999999997,0.14,0.05,0,
5,bootstrap,5,5,0,0,2,7,1.7999999999999998,397.33,400.0,0.12991874999999997,0.14,0.05,0,
5,bootstrap,5,5,0,0,2,8,2.1,396.67,400.0,0.12991874999999997,0.14,0.05,0,
5,bootstrap,5,5,0,0,2,9,2.4,401.0,400.0,0.12991874999999997,0.14,0.05,0,
5,bootstrap,5,5,0,0,2,10,2.6999999999999997,397.67,400.0,0.12991874999999997,0.14,0.05,0,
5,bootstrap,5,5,0,0,2,11,3.0,400.0,400.0,0.12991874999999997,0.14,0.05,0,
5,bootstrap,5,5,0,0,2,12,3.3,398.33,400.0,0.12991874999999997,0.14,0.05,0,
5,bootstrap,5,5,0,0,2,13,3.5999999999999996,399.67,400.0,0.12991874999999997,0.14,0.05,0,
5,bootstrap,5,5,0,0,2,14,3.9,399.33,400.0,0.12991874999999997,0.14,0.05,0,
5,bootstrap,5,5,0,0,2,15,4.2,401.67,400.0,0.12991874999999997,0.14,0.05,0,
5,bootstrap,5,5,0,0,2,16,4.5,399.33,400.0,0.12991874999999997,0.14,0.05,0,
5,bootstrap,5,5,0,0,2,17,4.8,399.33,400.0,0.12991874999999997,0.14,0.05,0,
5,bootstrap,5,5,0,0,2,18,5.1,399.33,400.0,0.12991874999999997,0.14,0.05,0,
5,bootstrap,5,5,0,0,2,19,5.3999999999999995,401.33,400.0,0.12991874999999997,0.14,0.05,0,
5,bootstrap,5,5,0,0,2,20,5.7,400.0,400.0,0.12991874999999997,0.14,0.05,0,
5,bootstrap,5,5,0,0,2,21,6.0,399.33,400.0,0.12991874999999997,0.14,0.05,0,
5,bootstrap,5,5,0,0,2,22,6.3,400.33,400.0,0.12991874999999997,0.14,0.05,0,
5,bootstrap,5,5,0,0,2,23,6.6,400.0,400.0,0.12991874999999997,0.14,0.05,0,
5,bootstrap,5,5,0,0,2,24,6.8999999999999995,400.0,400.0,0.12991874999999997,0.14,0.05,0,
5,bootstrap,5,5,0,0,2,25,7.199999999999999,399.33,400.0,0.12991874999999997,0.14,0.05,0,
5,bootstrap,5,5,0,0,2,26,7.5,399.33,400.0,0.12991874999999997,0.14,0.05,0,
5,bootstrap,5,5,0,0,2,27,7.8,399.33,400.0,0.12991874999999997,0.14,0.05,0,
5,bootstrap,5,5,0,0,2,28,8.1,400.67,400.0,0.12991874999999997,0.14,0.05,0,
5,bootstrap,5,5,0,0,2,29,8.4,400.0,400.0,0.12991874999999997,0.14,0.05,0,
5,bootstrap,5,5,0,0,2,30,8.7,399.67,400.0,0.12991874999999997,0.14,0.05,0,
5,bootstrap,5,5,0,0,2,31,9.0,398.33,400.0,0.12991874999999997,0.14,0.05,0,
5,bootstrap,5,5,0,0,2,32,9.299999999999999,401.33,400.0,0.12991874999999997,0.14,0.05,0,
5,bootstrap,5,5,0,0,2,33,9.6,398.67,400.0,0.12991874999999997,0.14,0.05,0,
5,bootstrap,5,5,0,0,2,34,9.9,401.0,400.0,0.12991874999999997,0.14,0.05,0,
5,bootstrap,5,5,0,0,2,35,10.2,398.33,400.0,0.12991874999999997,0.14,0.05,0,
5,bootstrap,5,5,0,0,2,36,10.5,400.67,400.0,0.12991874999999997,0.14,0.05,0,
5,bootstrap,5,5,0,0,2,37,10.799999999999999,400.33,400.0,0.12991874999999997,0.14,0.05,0,
5,bootstrap,5,5,0,0,2,38,11.1,400.0,400.0,0.12991874999999997,0.14,0.05,0,
5,bootstrap,5,5,0,0,2,39,11.4,400.67,400.0,0.12991874999999997,0.14,0.05,0,
5,bootstrap,5,5,0,0,3,1,0.0,365.33,400.0,0.12991874999999997,0.14,0.05,0,
5,bootstrap,5,5,0,0,3,2,0.3,395.0,400.0,0.12991874999999997,0.14,0.05,0,
5,bootstrap,5,5,0,0,3,3,0.6,382.33,400.0,0.12991874999999997,0.14,0.05,0,
5,bootstrap,5,5,0,0,3,4,0.8999999999999999,396.67,400.0,0.12991874999999997,0.14,0.05,0,
5,bootstrap,5,5,0,0,3,5,1.2,392.67,400.0,0.12991874999999997,0.14,0.05,0,
5,bootstrap,5,5,0,0,3,6,1.5,396.33,400.0,0.12991874999999997,0.14,0.05,0,
5,bootstrap,5,5,0,0,3,7,1.7999999999999998,398.33,400.0,0.12991874999999997,0.14,0.05,0,
5,bootstrap,5,5,0,0,3,8,2.1,396.67,400.0,0.12991874999999997,0.14,0.05,0,
5,bootstrap,5,5,0,0,3,9,2.4,400.0,400.0,0.12991874999999997,0.14,0.05,0,
5,bootstrap,5,5,0,0,3,10,2.6999999999999997,397.0,400.0,0.12991874999999997,0.14,0.05,0,
5,bootstrap,5,5,0,0,3,11,3.0,402.33,400.0,0.12991874999999997,0.14,0.05,0,
5,bootstrap,5,5,0,0,3,12,3.3,396.67,400.0,0.12991874999999997,0.14,0.05,0,
5,bootstrap,5,5,0,0,3,13,3.5999999999999996,401.0,400.0,0.12991874999999997,0.14,0.05,0,
5,bootstrap,5,5,0,0,3,14,3.9,399.0,400.0,0.12991874999999997,0.14,0.05,0,
5,bootstrap,5,5,0,0,3,15,4.2,401.67,400.0,0.12991874999999997,0.14,0.05,0,
5,bootstrap,5,5,0,0,3,16,4.5,399.33,400.0,0.12991874999999997,0.14,0.05,0,
5,bootstrap,5,5,0,0,3,17,4.8,399.0,400.0,0.12991874999999997,0.14,0.05,0,
5,bootstrap,5,5,0,0,3,18,5.1,399.0,400.0,0.12991874999999997,0.14,0.05,0,
5,bootstrap,5,5,0,0,3,19,5.3999999999999995,400.33,400.0,0.12991874999999997,0.14,0.05,0,
5,bootstrap,5,5,0,0,3,20,5.7,399.67,400.0,0.12991874999999997,0.14,0.05,0,
5,bootstrap,5,5,0,0,3,21,6.0,400.0,400.0,0.12991874999999997,0.14,0.05,0,
5,bootstrap,5,5,0,0,3,22,6.3,400.67,400.0,0.12991874999999997,0.14,0.05,0,
5,bootstrap,5,5,0,0,3,23,6.6,398.0,400.0,0.12991874999999997,0.14,0.05,0,
5,bootstrap,5,5,0,0,3,24,6.8999999999999995,402.67,400.0,0.12991874999999997,0.14,0.05,0,
5,bootstrap,5,5,0,0,3,25,7.199999999999999,398.33,400.0,0.12991874999999997,0.14,0.05,0,
5,bootstrap,5,5,0,0,3,26,7.5,401.0,400.0,0.12991874999999997,0.14,0.05,0,
5,bootstrap,5,5,0,0,3,27,7.8,398.67,400.0,0.12991874999999997,0.14,0.05,0,
5,bootstrap,5,5,0,0,3,28,8.1,401.0,400.0,0.12991874999999997,0.14,0.05,0,
5,bootstrap,5,5,0,0,3,29,8.4,400.0,400.0,0.12991874999999997,0.14,0.05,0,
5,bootstrap,5,5,0,0,3,30,8.7,398.0,400.0,0.12991874999999997,0.14,0.05,0,
5,bootstrap,5,5,0,0,3,31,9.0,401.33,400.0,0.12991874999999997,0.14,0.05,0,
5,bootstrap,5,5,0,0,3,32,9.299999999999999,398.33,400.0,0.12991874999999997,0.14,0.05,0,
5,bootstrap,5,5,0,0,3,33,9.6,399.67,400.0,0.12991874999999997,0.14,0.05,0,
5,bootstrap,5,5,0,0,3,34,9.9,400.67,400.0,0.12991874999999997,0.14,0.05,0,
5,bootstrap,5,5,0,0,3,35,10.2,399.67,400.0,0.12991874999999997,0.14,0.05,0,
5,bootstrap,5,5,0,0,3,36,10.5,400.0,400.0,0.12991874999999997,0.14,0.05,0,
5,bootstrap,5,5,0,0,3,37,10.799999999999999,400.33,400.0,0.12991874999999997,0.14,0.05,0,
5,bootstrap,5,5,0,0,3,38,11.1,398.0,400.0,0.12991874999999997,0.14,0.05,0,
5,bootstrap,5,5,0,0,3,39,11.4,401.33,400.0,0.12991874999999997,0.14,0.05,0,
6,bootstrap,6,6,0,0,1,1,0.0,364.67,400.0,0.2266434375,0.14,0.05,0,
6,bootstrap,6,6,0,0,1,2,0.3,399.33,400.0,0.2266434375,0.14,0.05,0,
6,bootstrap,6,6,0,0,1,3,0.6,378.67,400.0,0.2266434375,0.14,0.05,0,
6,bootstrap,6,6,0,0,1,4,0.8999999999999999,400.67,400.0,0.2266434375,0.14,0.05,0,
6,bootstrap,6,6,0,0,1,5,1.2,388.67,400.0,0.2266434375,0.14,0.05,0,
6,bootstrap,6,6,0,0,1,6,1.5,400.67,400.0,0.2266434375,0.14,0.05,0,
6,bootstrap,6,6,0,0,1,7,1.7999999999999998,392.67,400.0,0.2266434375,0.14,0.05,0,
6,bootstrap,6,6,0,0,1,8,2.1,400.0,400.0,0.2266434375,0.14,0.05,0,
6,bootstrap,6,6,0,0,1,9,2.4,397.0,400.0,0.2266434375,0.14,0.05,0,
6,bootstrap,6,6,0,0,1,10,2.6999999999999997,398.0,400.0,0.2266434375,0.14,0.05,0,
6,bootstrap,6,6,0,0,1,11,3.0,401.33,400.0,0.2266434375,0.14,0.05,0,
6,bootstrap,6,6,0,0,1,12,3.3,397.67,400.0,0.2266434375,0.14,0.05,0,
6,bootstrap,6,6,0,0,1,13,3.5999999999999996,400.67,400.0,0.2266434375,0.14,0.05,0,
6,bootstrap,6,6,0,0,1,14,3.9,397.67,400.0,0.2266434375,0.14,0.05,0,
6,bootstrap,6,6,0,0,1,15,4.2,398.33,400.0,0.2266434375,0.14,0.05,0,
6,bootstrap,6,6,0,0,1,16,4.5,400.67,400.0,0.2266434375,0.14,0.05,0,
6,bootstrap,6,6,0,0,1,17,4.8,398.0,400.0,0.2266434375,0.14,0.05,0,
6,bootstrap,6,6,0,0,1,18,5.1,400.67,400.0,0.2266434375,0.14,0.05,0,
6,bootstrap,6,6,0,0,1,19,5.3999999999999995,399.33,400.0,0.2266434375,0.14,0.05,0,
6,bootstrap,6,6,0,0,1,20,5.7,399.67,400.0,0.2266434375,0.14,0.05,0,
6,bootstrap,6,6,0,0,1,21,6.0,401.33,400.0,0.2266434375,0.14,0.05,0,
6,bootstrap,6,6,0,0,1,22,6.3,397.67,400.0,0.2266434375,0.14,0.05,0,
6,bootstrap,6,6,0,0,1,23,6.6,403.0,400.0,0.2266434375,0.14,0.05,0,
6,bootstrap,6,6,0,0,1,24,6.8999999999999995,397.0,400.0,0.2266434375,0.14,0.05,0,
6,bootstrap,6,6,0,0,1,25,7.199999999999999,401.67,400.0,0.2266434375,0.14,0.05,0,
6,bootstrap,6,6,0,0,1,26,7.5,399.33,400.0,0.2266434375,0.14,0.05,0,
6,bootstrap,6,6,0,0,1,27,7.8,398.67,400.0,0.2266434375,0.14,0.05,0,
6,bootstrap,6,6,0,0,1,28,8.1,401.0,400.0,0.2266434375,0.14,0.05,0,
6,bootstrap,6,6,0,0,1,29,8.4,398.33,400.0,0.2266434375,0.14,0.05,0,
6,bootstrap,6,6,0,0,1,30,8.7,399.67,400.0,0.2266434375,0.14,0.05,0,
6,bootstrap,6,6,0,0,1,31,9.0,399.33,400.0,0.2266434375,0.14,0.05,0,
6,bootstrap,6,6,0,0,1,32,9.299999999999999,400.0,400.0,0.2266434375,0.14,0.05,0,
6,bootstrap,6,6,0,0,1,33,9.6,400.0,400.0,0.2266434375,0.14,0.05,0,
6,bootstrap,6,6,0,0,1,34,9.9,400.0,400.0,0.2266434375,0.14,0.05,0,
6,bootstrap,6,6,0,0,1,35,10.2,399.67,400.0,0.2266434375,0.14,0.05,0,
6,bootstrap,6,6,0,0,1,36,10.5,399.33,400.0,0.2266434375,0.14,0.05,0,
6,bootstrap,6,6,0,0,1,37,10.799999999999999,400.0,400.0,0.2266434375,0.14,0.05,0,
6,bootstrap,6,6,0,0,1,38,11.1,399.33,400.0,0.2266434375,0.14,0.05,0,
6,bootstrap,6,6,0,0,1,39,11.4,400.33,400.0,0.2266434375,0.14,0.05,0,
6,bootstrap,6,6,0,0,2,1,0.0,358.33,400.0,0.2266434375,0.14,0.05,0,
6,bootstrap,6,6,0,0,2,2,0.3,406.0,400.0,0.2266434375,0.14,0.05,0,
6,bootstrap,6,6,0,0,2,3,0.6,371.33,400.0,0.2266434375,0.14,0.05,0,
6,bootstrap,6,6,0,0,2,4,0.8999999999999999,403.67,400.0,0.2266434375,0.14,0.05,0,
6,bootstrap,6,6,0,0,2,5,1.2,383.67,400.0,0.2266434375,0.14,0.05,0,
6,bootstrap,6,6,0,0,2,6,1.5,403.33,400.0,0.2266434375,0.14,0.05,0,
6,bootstrap,6,6,0,0,2,7,1.7999999999999998,389.33,400.0,0.2266434375,0.14,0.05,0,
6,bootstrap,6,6,0,0,2,8,2.1,402.67,400.0,0.2266434375,0.14,0.05,0,
6,bootstrap,6,6,0,0,2,9,2.4,392.67,400.0,0.2266434375,0.14,0.05,0,
6,bootstrap,6,6,0,0,2,10,2.6999999999999997,403.33,400.0,0.2266434375,0.14,0.05,0,
6,bootstrap,6,6,0,0,2,11,3.0,394.67,400.0,0.2266434375,0.14,0.05,0,
6,bootstrap,6,6,0,0,2,12,3.3,402.0,400.0,0.2266434375,0.14,0.05,0,
6,bootstrap,6,6,0,0,2,13,3.5999999999999996,396.67,400.0,0.2266434375,0.14,0.05,0,
6,bootstrap,6,6,0,0,2,14,3.9,401.67,400.0,0.2266434375,0.14,0.05,0,
6,bootstrap,6,6,0,0,2,15,4.2,397.33,400.0,0.2266434375,0.14,0.05,0,
6,bootstrap,6,6,0,0,2,16,4.5,402.67,400.0,0.2266434375,0.14,0.05,0,
6,bootstrap,6,6,0,0,2,17,4.8,396.0,400.0,0.2266434375,0.14,0.05,0,
6,bootstrap,6,6,0,0,2,18,5.1,402.0,400.0,0.2266434375,0.14,0.05,0,
6,bootstrap,6,6,0,0,2,19,5.3999999999999995,397.67,400.0,0.2266434375,0.14,0.05,0,
6,bootstrap,6,6,0,0,2,20,5.7,400.67,400.0,0.2266434375,0.14,0.05,0,
6,bootstrap,6,6,0,0,2,21,6.0,398.0,400.0,0.2266434375,0.14,0.05,0,
6,bootstrap,6,6,0,0,2,22,6.3,400.0,400.0,0.2266434375,0.14,0.05,0,
6,bootstrap,6,6,0,0,2,23,6.6,400.0,400.0,0.2266434375,0.14,0.05,0,
6,bootstrap,6,6,0,0,2,24,6.8999999999999995,400.0,400.0,0.2266434375,0.14,0.05,0,
6,bootstrap,6,6,0,0,2,25,7.199999999999999,399.0,400.0,0.2266434375,0.14,0.05,0,
6,bootstrap,6,6,0,0,2,26,7.5,401.0,400.0,0.2266434375,0.14,0.05,0,
6,bootstrap,6,6,0,0,2,27,7.8,398.0,400.0,0.2266434375,0.14,0.05,0,
6,bootstrap,6,6,0,0,2,28,8.1,400.33,400.0,0.2266434375,0.14,0.05,0,
6,bootstrap,6,6,0,0,2,29,8.4,400.0,400.0,0.2266434375,0.14,0.05,0,
6,bootstrap,6,6,0,0,2,30,8.7,398.67,400.0,0.2266434375,0.14,0.05,0,
6,bootstrap,6,6,0,0,2,31,9.0,400.67,400.0,0.2266434375,0.14,0.05,0,
6,bootstrap,6,6,0,0,2,32,9.299999999999999,399.33,400.0,0.2266434375,0.14,0.05,0,
6,bootstrap,6,6,0,0,2,33,9.6,399.0,400.0,0.2266434375,0.14,0.05,0,
6,bootstrap,6,6,0,0,2,34,9.9,399.33,400.0,0.2266434375,0.14,0.05,0,
6,bootstrap,6,6,0,0,2,35,10.2,400.67,400.0,0.2266434375,0.14,0.05,0,
6,bootstrap,6,6,0,0,2,36,10.5,401.0,400.0,0.2266434375,0.14,0.05,0,
6,bootstrap,6,6,0,0,2,37,10.799999999999999,399.33,400.0,0.2266434375,0.14,0.05,0,
6,bootstrap,6,6,0,0,2,38,11.1,399.67,400.0,0.2266434375,0.14,0.05,0,
6,bootstrap,6,6,0,0,2,39,11.4,401.33,400.0,0.2266434375,0.14,0.05,0,
6,bootstrap,6,6,0,0,3,1,0.0,357.0,400.0,0.2266434375,0.14,0.05,0,
6,bootstrap,6,6,0,0,3,2,0.3,403.67,400.0,0.2266434375,0.14,0.05,0,
6,bootstrap,6,6,0,0,3,3,0.6,369.67,400.0,0.2266434375,0.14,0.05,0,
6,bootstrap,6,6,0,0,3,4,0.8999999999999999,403.0,400.0,0.2266434375,0.14,0.05,0,
6,bootstrap,6,6,0,0,3,5,1.2,382.33,400.0,0.2266434375,0.14,0.05,0,
6,bootstrap,6,6,0,0,3,6,1.5,400.67,400.0,0.2266434375,0.14,0.05,0,
6,bootstrap,6,6,0,0,3,7,1.7999999999999998,391.0,400.0,0.2266434375,0.14,0.05,0,
6,bootstrap,6,6,0,0,3,8,2.1,401.33,400.0,0.2266434375,0.14,0.05,0,
6,bootstrap,6,6,0,0,3,9,2.4,392.67,400.0,0.2266434375,0.14,0.05,0,
6,bootstrap,6,6,0,0,3,10,2.6999999999999997,403.0,400.0,0.2266434375,0.14,0.05,0,
6,bootstrap,6,6,0,0,3,11,3.0,393.33,400.0,0.2266434375,0.14,0.05,0,
6,bootstrap,6,6,0,0,3,12,3.3,403.0,400.0,0.2266434375,0.14,0.05,0,
6,bootstrap,6,6,0,0,3,13,3.5999999999999996,396.33,400.0,0.2266434375,0.14,0.05,0,
6,bootstrap,6,6,0,0,3,14,3.9,401.67,400.0,0.2266434375,0.14,0.05,0,
6,bootstrap,6,6,0,0,3,15,4.2,398.33,400.0,0.2266434375,0.14,0.05,0,
6,bootstrap,6,6,0,0,3,16,4.5,400.33,400.0,0.2266434375,0.14,0.05,0,
6,bootstrap,6,6,0,0,3,17,4.8,397.33,400.0,0.2266434375,0.14,0.05,0,
6,bootstrap,6,6,0,0,3,18,5.1,402.33,400.0,0.2266434375,0.14,0.05,0,
6,bootstrap,6,6,0,0,3,19,5.3999999999999995,398.33,400.0,0.2266434375,0.14,0.05,0,
6,bootstrap,6,6,0,0,3,20,5.7,400.67,400.0,0.2266434375,0.14,0.05,0,
6,bootstrap,6,6,0,0,3,21,6.0,397.67,400.0,0.2266434375,0.14,0.05,0,
6,bootstrap,6,6,0,0,3,22,6.3,402.0,400.0,0.2266434375,0.14,0.05,0,
6,bootstrap,6,6,0,0,3,23,6.6,398.0,400.0,0.2266434375,0.14,0.05,0,
6,bootstrap,6,6,0,0,3,24,6.8999999999999995,401.33,400.0,0.2266434375,0.14,0.05,0,
6,bootstrap,6,6,0,0,3,25,7.199999999999999,397.0,400.0,0.2266434375,0.14,0.05,0,
6,bootstrap,6,6,0,0,3,26,7.5,402.0,400.0,0.2266434375,0.14,0.05,0,
6,bootstrap,6,6,0,0,3,27,7.8,397.0,400.0,0.2266434375,0.14,0.05,0,
6,bootstrap,6,6,0,0,3,28,8.1,402.67,400.0,0.2266434375,0.14,0.05,0,
6,bootstrap,6,6,0,0,3,29,8.4,396.67,400.0,0.2266434375,0.14,0.05,0,
6,bootstrap,6,6,0,0,3,30,8.7,401.33,400.0,0.2266434375,0.14,0.05,0,
6,bootstrap,6,6,0,0,3,31,9.0,397.33,400.0,0.2266434375,0.14,0.05,0,
6,bootstrap,6,6,0,0,3,32,9.299999999999999,402.0,400.0,0.2266434375,0.14,0.05,0,
6,bootstrap,6,6,0,0,3,33,9.6,396.67,400.0,0.2266434375,0.14,0.05,0,
6,bootstrap,6,6,0,0,3,34,9.9,402.33,400.0,0.2266434375,0.14,0.05,0,
6,bootstrap,6,6,0,0,3,35,10.2,398.0,400.0,0.2266434375,0.14,0.05,0,
6,bootstrap,6,6,0,0,3,36,10.5,401.33,400.0,0.2266434375,0.14,0.05,0,
6,bootstrap,6,6,0,0,3,37,10.799999999999999,399.67,400.0,0.2266434375,0.14,0.05,0,
6,bootstrap,6,6,0,0,3,38,11.1,399.67,400.0,0.2266434375,0.14,0.05,0,
6,bootstrap,6,6,0,0,3,39,11.4,399.0,400.0,0.2266434375,0.14,0.05,0,
7,bootstrap,7,7,0,0,1,1,0.0,357.67,400.0,0.03319406249999997,0.14,0.05,0,
7,bootstrap,7,7,0,0,1,2,0.3,376.33,400.0,0.03319406249999997,0.14,0.05,0,
7,bootstrap,7,7,0,0,1,3,0.6,380.0,400.0,0.03319406249999997,0.14,0.05,0,
7,bootstrap,7,7,0,0,1,4,0.8999999999999999,386.0,400.0,0.03319406249999997,0.14,0.05,0,
7,bootstrap,7,7,0,0,1,5,1.2,392.67,400.0,0.03319406249999997,0.14,0.05,0,
7,bootstrap,7,7,0,0,1,6,1.5,396.33,400.0,0.03319406249999997,0.14,0.05,0,
7,bootstrap,7,7,0,0,1,7,1.7999999999999998,399.67,400.0,0.03319406249999997,0.14,0.05,0,
7,bootstrap,7,7,0,0,1,8,2.1,399.67,400.0,0.03319406249999997,0.14,0.05,0,
7,bootstrap,7,7,0,0,1,9,2.4,400.67,400.0,0.03319406249999997,0.14,0.05,0,
7,bootstrap,7,7,0,0,1,10,2.6999999999999997,400.33,400.0,0.03319406249999997,0.14,0.05,0,
7,bootstrap,7,7,0,0,1,11,3.0,398.67,400.0,0.03319406249999997,0.14,0.05,0,
7,bootstrap,7,7,0,0,1,12,3.3,400.0,400.0,0.03319406249999997,0.14,0.05,0,
7,bootstrap,7,7,0,0,1,13,3.5999999999999996,400.67,400.0,0.03319406249999997,0.14,0.05,0,
7,bootstrap,7,7,0,0,1,14,3.9,397.33,400.0,0.03319406249999997,0.14,0.05,0,
7,bootstrap,7,7,0,0,1,15,4.2,399.0,400.0,0.03319406249999997,0.14,0.05,0,
7,bootstrap,7,7,0,0,1,16,4.5,401.0,400.0,0.03319406249999997,0.14,0.05,0,
7,bootstrap,7,7,0,0,1,17,4.8,398.67,400.0,0.03319406249999997,0.14,0.05,0,
7,bootstrap,7,7,0,0,1,18,5.1,400.67,400.0,0.03319406249999997,0.14,0.05,0,
7,bootstrap,7,7,0,0,1,19,5.3999999999999995,399.33,400.0,0.03319406249999997,0.14,0.05,0,
7,bootstrap,7,7,0,0,1,20,5.7,400.33,400.0,0.03319406249999997,0.14,0.05,0,
7,bootstrap,7,7,0,0,1,21,6.0,398.67,400.0,0.03319406249999997,0.14,0.05,0,
7,bootstrap,7,7,0,0,1,22,6.3,398.0,400.0,0.03319406249999997,0.14,0.05,0,
7,bootstrap,7,7,0,0,1,23,6.6,401.0,400.0,0.03319406249999997,0.14,0.05,0,
7,bootstrap,7,7,0,0,1,24,6.8999999999999995,400.33,400.0,0.03319406249999997,0.14,0.05,0,
7,bootstrap,7,7,0,0,1,25,7.199999999999999,400.33,400.0,0.03319406249999997,0.14,0.05,0,
7,bootstrap,7,7,0,0,1,26,7.5,398.67,400.0,0.03319406249999997,0.14,0.05,0,
7,bootstrap,7,7,0,0,1,27,7.8,402.33,400.0,0.03319406249999997,0.14,0.05,0,
7,bootstrap,7,7,0,0,1,28,8.1,400.33,400.0,0.03319406249999997,0.14,0.05,0,
7,bootstrap,7,7,0,0,1,29,8.4,400.67,400.0,0.03319406249999997,0.14,0.05,0,
7,bootstrap,7,7,0,0,1,30,8.7,399.33,400.0,0.03319406249999997,0.14,0.05,0,
7,bootstrap,7,7,0,0,1,31,9.0,400.67,400.0,0.03319406249999997,0.14,0.05,0,
7,bootstrap,7,7,0,0,1,32,9.299999999999999,400.67,400.0,0.03319406249999997,0.14,0.05,0,
7,bootstrap,7,7,0,0,1,33,9.6,400.33,400.0,0.03319406249999997,0.14,0.05,0,
7,bootstrap,7,7,0,0,1,34,9.9,400.33,400.0,0.03319406249999997,0.14,0.05,0,
7,bootstrap,7,7,0,0,1,35,10.2,398.67,400.0,0.03319406249999997,0.14,0.05,0,
7,bootstrap,7,7,0,0,1,36,10.5,401.33,400.0,0.03319406249999997,0.14,0.05,0,
7,bootstrap,7,7,0,0,1,37,10.799999999999999,400.33,400.0,0.03319406249999997,0.14,0.05,0,
7,bootstrap,7,7,0,0,1,38,11.1,399.0,400.0,0.03319406249999997,0.14,0.05,0,
7,bootstrap,7,7,0,0,1,39,11.4,401.0,400.0,0.03319406249999997,0.14,0.05,0,
7,bootstrap,7,7,0,0,2,1,0.0,358.67,400.0,0.03319406249999997,0.14,0.05,0,
7,bootstrap,7,7,0,0,2,2,0.3,380.67,400.0,0.03319406249999997,0.14,0.05,0,
7,bootstrap,7,7,0,0,2,3,0.6,380.33,400.0,0.03319406249999997,0.14,0.05,0,
7,bootstrap,7,7,0,0,2,4,0.8999999999999999,388.67,400.0,0.03319406249999997,0.14,0.05,0,
7,bootstrap,7,7,0,0,2,5,1.2,393.67,400.0,0.03319406249999997,0.14,0.05,0,
7,bootstrap,7,7,0,0,2,6,1.5,395.0,400.0,0.03319406249999997,0.14,0.05,0,
7,bootstrap,7,7,0,0,2,7,1.7999999999999998,398.67,400.0,0.03319406249999997,0.14,0.05,0,
7,bootstrap,7,7,0,0,2,8,2.1,398.67,400.0,0.03319406249999997,0.14,0.05,0,
7,bootstrap,7,7,0,0,2,9,2.4,400.0,400.0,0.03319406249999997,0.14,0.05,0,
7,bootstrap,7,7,0,0,2,10,2.6999999999999997,398.0,400.0,0.03319406249999997,0.14,0.05,0,
7,bootstrap,7,7,0,0,2,11,3.0,402.33,400.0,0.03319406249999997,0.14,0.05,0,
7,bootstrap,7,7,0,0,2,12,3.3,400.0,400.0,0.03319406249999997,0.14,0.05,0,
7,bootstrap,7,7,0,0,2,13,3.5999999999999996,401.0,400.0,0.03319406249999997,0.14,0.05,0,
7,bootstrap,7,7,0,0,2,14,3.9,400.0,400.0,0.03319406249999997,0.14,0.05,0,
7,bootstrap,7,7,0,0,2,15,4.2,398.33,400.0,0.03319406249999997,0.14,0.05,0,
7,bootstrap,7,7,0,0,2,16,4.5,400.33,400.0,0.03319406249999997,0.14,0.05,0,
7,bootstrap,7,7,0,0,2,17,4.8,399.67,400.0,0.03319406249999997,0.14,0.05,0,
7,bootstrap,7,7,0,0,2,18,5.1,400.0,400.0,0.03319406249999997,0.14,0.05,0,
7,bootstrap,7,7,0,0,2,19,5.3999999999999995,400.67,400.0,0.03319406249999997,0.14,0.05,0,
7,bootstrap,7,7,0,0,2,20,5.7,400.33,400.0,0.03319406249999997,0.14,0.05,0,
7,bootstrap,7,7,0,0,2,21,6.0,400.67,400.0,0.03319406249999997,0.14,0.05,0,
7,bootstrap,7,7,0,0,2,22,6.3,400.0,400.0,0.03319406249999997,0.14,0.05,0,
7,bootstrap,7,7,0,0,2,23,6.6,400.67,400.0,0.03319406249999997,0.14,0.05,0,
7,bootstrap,7,7,0,0,2,24,6.8999999999999995,400.33,400.0,0.03319406249999997,0.14,0.05,0,
7,bootstrap,7,7,0,0,2,25,7.199999999999999,401.0,400.0,0.03319406249999997,0.14,0.05,0,
7,bootstrap,7,7,0,0,2,26,7.5,398.67,400.0,0.03319406249999997,0.14,0.05,0,
7,bootstrap,7,7,0,0,2,27,7.8,401.0,400.0,0.03319406249999997,0.14,0.05,0,
7,bootstrap,7,7,0,0,2,28,8.1,400.0,400.0,0.03319406249999997,0.14,0.05,0,
7,bootstrap,7,7,0,0,2,29,8.4,400.0,400.0,0.03319406249999997,0.14,0.05,0,
7,bootstrap,7,7,0,0,2,30,8.7,401.0,400.0,0.03319406249999997,0.14,0.05,0,
7,bootstrap,7,7,0,0,2,31,9.0,400.0,400.0,0.03319406249999997,0.14,0.05,0,
7,bootstrap,7,7,0,0,2,32,9.299999999999999,399.0,400.0,0.03319406249999997,0.14,0.05,0,
7,bootstrap,7,7,0,0,2,33,9.6,399.67,400.0,0.03319406249999997,0.14,0.05,0,
7,bootstrap,7,7,0,0,2,34,9.9,401.33,400.0,0.03319406249999997,0.14,0.05,0,
7,bootstrap,7,7,0,0,2,35,10.2,400.67,400.0,0.03319406249999997,0.14,0.05,0,
7,bootstrap,7,7,0,0,2,36,10.5,400.33,400.0,0.03319406249999997,0.14,0.05,0,
7,bootstrap,7,7,0,0,2,37,10.799999999999999,400.67,400.0,0.03319406249999997,0.14,0.05,0,
7,bootstrap,7,7,0,0,2,38,11.1,400.0,400.0,0.03319406249999997,0.14,0.05,0,
7,bootstrap,7,7,0,0,2,39,11.4,401.67,400.0,0.03319406249999997,0.14,0.05,0,
7,bootstrap,7,7,0,0,3,1,0.0,361.67,400.0,0.03319406249999997,0.14,0.05,0,
7,bootstrap,7,7,0,0,3,2,0.3,383.0,400.0,0.03319406249999997,0.14,0.05,0,
7,bootstrap,7,7,0,0,3,3,0.6,383.0,400.0,0.03319406249999997,0.14,0.05,0,
7,bootstrap,7,7,0,0,3,4,0.8999999999999999,390.0,400.0,0.03319406249999997,0.14,0.05,0,
7,bootstrap,7,7,0,0,3,5,1.2,393.33,400.0,0.03319406249999997,0.14,0.05,0,
7,bootstrap,7,7,0,0,3,6,1.5,397.0,400.0,0.03319406249999997,0.14,0.05,0,
7,bootstrap,7,7,0,0,3,7,1.7999999999999998,398.33,400.0,0.03319406249999997,0.14,0.05,0,
7,bootstrap,7,7,0,0,3,8,2.1,401.33,400.0,0.03319406249999997,0.14,0.05,0,
7,bootstrap,7,7,0,0,3,9,2.4,400.0,400.0,0.03319406249999997,0.14,0.05,0,
7,bootstrap,7,7,0,0,3,10,2.6999999999999997,397.67,400.0,0.03319406249999997,0.14,0.05,0,
7,bootstrap,7,7,0,0,3,11,3.0,401.0,400.0,0.03319406249999997,0.14,0.05,0,
7,bootstrap,7,7,0,0,3,12,3.3,398.67,400.0,0.03319406249999997,0.14,0.05,0,
7,bootstrap,7,7,0,0,3,13,3.5999999999999996,399.33,400.0,0.03319406249999997,0.14,0.05,0,
7,bootstrap,7,7,0,0,3,14,3.9,401.67,400.0,0.03319406249999997,0.14,0.05,0,
7,bootstrap,7,7,0,0,3,15,4.2,399.67,400.0,0.03319406249999997,0.14,0.05,0,
7,bootstrap,7,7,0,0,3,16,4.5,401.33,400.0,0.03319406249999997,0.14,0.05,0,
7,bootstrap,7,7,0,0,3,17,4.8,402.33,400.0,0.03319406249999997,0.14,0.05,0,
7,bootstrap,7,7,0,0,3,18,5.1,400.0,400.0,0.03319406249999997,0.14,0.05,0,
7,bootstrap,7,7,0,0,3,19,5.3999999999999995,399.67,400.0,0.03319406249999997,0.14,0.05,0,
7,bootstrap,7,7,0,0,3,20,5.7,400.33,400.0,0.03319406249999997,0.14,0.05,0,
7,bootstrap,7,7,0,0,3,21,6.0,400.67,400.0,0.03319406249999997,0.14,0.05,0,
7,bootstrap,7,7,0,0,3,22,6.3,399.33,400.0,0.03319406249999997,0.14,0.05,0,
7,bootstrap,7,7,0,0,3,23,6.6,398.33,400.0,0.03319406249999997,0.14,0.05,0,
7,bootstrap,7,7,0,0,3,24,6.8999999999999995,401.33,400.0,0.03319406249999997,0.14,0.05,0,
7,bootstrap,7,7,0,0,3,25,7.199999999999999,399.33,400.0,0.03319406249999997,0.14,0.05,0,
7,bootstrap,7,7,0,0,3,26,7.5,401.33,400.0,0.03319406249999997,0.14,0.05,0,
7,bootstrap,7,7,0,0,3,27,7.8,400.0,400.0,0.03319406249999997,0.14,0.05,0,
7,bootstrap,7,7,0,0,3,28,8.1,400.67,400.0,0.03319406249999997,0.14,0.05,0,
7,bootstrap,7,7,0,0,3,29,8.4,400.33,400.0,0.03319406249999997,0.14,0.05,0,
7,bootstrap,7,7,0,0,3,30,8.7,398.67,400.0,0.03319406249999997,0.14,0.05,0,
7,bootstrap,7,7,0,0,3,31,9.0,401.33,400.0,0.03319406249999997,0.14,0.05,0,
7,bootstrap,7,7,0,0,3,32,9.299999999999999,400.0,400.0,0.03319406249999997,0.14,0.05,0,
7,bootstrap,7,7,0,0,3,33,9.6,400.0,400.0,0.03319406249999997,0.14,0.05,0,
7,bootstrap,7,7,0,0,3,34,9.9,400.33,400.0,0.03319406249999997,0.14,0.05,0,
7,bootstrap,7,7,0,0,3,35,10.2,400.33,400.0,0.03319406249999997,0.14,0.05,0,
7,bootstrap,7,7,0,0,3,36,10.5,400.67,400.0,0.03319406249999997,0.14,0.05,0,
7,bootstrap,7,7,0,0,3,37,10.799999999999999,398.67,400.0,0.03319406249999997,0.14,0.05,0,
7,bootstrap,7,7,0,0,3,38,11.1,402.67,400.0,0.03319406249999997,0.14,0.05,0,
7,bootstrap,7,7,0,0,3,39,11.4,399.67,400.0,0.03319406249999997,0.14,0.05,0,
8,bootstrap,8,8,0,0,2,1,0.0,376.0,400.0,0.0,0.14,0.05,0,
8,bootstrap,8,8,0,0,2,2,0.3,384.67,400.0,0.0,0.14,0.05,0,
8,bootstrap,8,8,0,0,2,3,0.6,389.0,400.0,0.0,0.14,0.05,0,
8,bootstrap,8,8,0,0,2,4,0.8999999999999999,394.0,400.0,0.0,0.14,0.05,0,
8,bootstrap,8,8,0,0,2,5,1.2,394.33,400.0,0.0,0.14,0.05,0,
8,bootstrap,8,8,0,0,2,6,1.5,398.33,400.0,0.0,0.14,0.05,0,
8,bootstrap,8,8,0,0,2,7,1.7999999999999998,399.0,400.0,0.0,0.14,0.05,0,
8,bootstrap,8,8,0,0,2,8,2.1,397.67,400.0,0.0,0.14,0.05,0,
8,bootstrap,8,8,0,0,2,9,2.4,400.33,400.0,0.0,0.14,0.05,0,
8,bootstrap,8,8,0,0,2,10,2.6999999999999997,398.0,400.0,0.0,0.14,0.05,0,
8,bootstrap,8,8,0,0,2,11,3.0,400.0,400.0,0.0,0.14,0.05,0,
8,bootstrap,8,8,0,0,2,12,3.3,399.0,400.0,0.0,0.14,0.05,0,
8,bootstrap,8,8,0,0,2,13,3.5999999999999996,398.67,400.0,0.0,0.14,0.05,0,
8,bootstrap,8,8,0,0,2,14,3.9,400.0,400.0,0.0,0.14,0.05,0,
8,bootstrap,8,8,0,0,2,15,4.2,398.33,400.0,0.0,0.14,0.05,0,
8,bootstrap,8,8,0,0,2,16,4.5,398.67,400.0,0.0,0.14,0.05,0,
8,bootstrap,8,8,0,0,2,17,4.8,398.33,400.0,0.0,0.14,0.05,0,
8,bootstrap,8,8,0,0,2,18,5.1,400.67,400.0,0.0,0.14,0.05,0,
8,bootstrap,8,8,0,0,2,19,5.3999999999999995,398.67,400.0,0.0,0.14,0.05,0,
8,bootstrap,8,8,0,0,2,20,5.7,400.0,400.0,0.0,0.14,0.05,0,
8,bootstrap,8,8,0,0,2,21,6.0,398.67,400.0,0.0,0.14,0.05,0,
8,bootstrap,8,8,0,0,2,22,6.3,400.67,400.0,0.0,0.14,0.05,0,
8,bootstrap,8,8,0,0,2,23,6.6,400.0,400.0,0.0,0.14,0.05,0,
8,bootstrap,8,8,0,0,2,24,6.8999999999999995,398.67,400.0,0.0,0.14,0.05,0,
8,bootstrap,8,8,0,0,2,25,7.199999999999999,400.67,400.0,0.0,0.14,0.05,0,
8,bootstrap,8,8,0,0,2,26,7.5,399.67,400.0,0.0,0.14,0.05,0,
8,bootstrap,8,8,0,0,2,27,7.8,398.33,400.0,0.0,0.14,0.05,0,
8,bootstrap,8,8,0,0,2,28,8.1,400.33,400.0,0.0,0.14,0.05,0,
8,bootstrap,8,8,0,0,2,29,8.4,400.0,400.0,0.0,0.14,0.05,0,
8,bootstrap,8,8,0,0,2,30,8.7,398.67,400.0,0.0,0.14,0.05,0,
8,bootstrap,8,8,0,0,2,31,9.0,399.33,400.0,0.0,0.14,0.05,0,
8,bootstrap,8,8,0,0,2,32,9.299999999999999,400.0,400.0,0.0,0.14,0.05,0,
8,bootstrap,8,8,0,0,2,33,9.6,401.0,400.0,0.0,0.14,0.05,0,
8,bootstrap,8,8,0,0,2,34,9.9,400.67,400.0,0.0,0.14,0.05,0,
8,bootstrap,8,8,0,0,2,35,10.2,400.0,400.0,0.0,0.14,0.05,0,
8,bootstrap,8,8,0,0,2,36,10.5,398.67,400.0,0.0,0.14,0.05,0,
8,bootstrap,8,8,0,0,2,37,10.799999999999999,400.33,400.0,0.0,0.14,0.05,0,
8,bootstrap,8,8,0,0,2,38,11.1,399.67,400.0,0.0,0.14,0.05,0,
8,bootstrap,8,8,0,0,2,39,11.4,401.0,400.0,0.0,0.14,0.05,0,
8,bootstrap,8,8,0,0,3,1,0.0,366.67,400.0,0.0,0.14,0.05,0,
8,bootstrap,8,8,0,0,3,2,0.3,381.67,400.0,0.0,0.14,0.05,0,
8,bootstrap,8,8,0,0,3,3,0.6,385.33,400.0,0.0,0.14,0.05,0,
8,bootstrap,8,8,0,0,3,4,0.8999999999999999,392.67,400.0,0.0,0.14,0.05,0,
8,bootstrap,8,8,0,0,3,5,1.2,396.33,400.0,0.0,0.14,0.05,0,
8,bootstrap,8,8,0,0,3,6,1.5,397.67,400.0,0.0,0.14,0.05,0,
8,bootstrap,8,8,0,0,3,7,1.7999999999999998,398.33,400.0,0.0,0.14,0.05,0,
8,bootstrap,8,8,0,0,3,8,2.1,399.0,400.0,0.0,0.14,0.05,0,
8,bootstrap,8,8,0,0,3,9,2.4,401.33,400.0,0.0,0.14,0.05,0,
8,bootstrap,8,8,0,0,3,10,2.6999999999999997,400.33,400.0,0.0,0.14,0.05,0,
8,bootstrap,8,8,0,0,3,11,3.0,401.0,400.0,0.0,0.14,0.05,0,
8,bootstrap,8,8,0,0,3,12,3.3,400.0,400.0,0.0,0.14,0.05,0,
8,bootstrap,8,8,0,0,3,13,3.5999999999999996,399.67,400.0,0.0,0.14,0.05,0,
8,bootstrap,8,8,0,0,3,14,3.9,400.33,400.0,0.0,0.14,0.05,0,
8,bootstrap,8,8,0,0,3,15,4.2,398.67,400.0,0.0,0.14,0.05,0,
8,bootstrap,8,8,0,0,3,16,4.5,400.0,400.0,0.0,0.14,0.05,0,
8,bootstrap,8,8,0,0,3,17,4.8,400.67,400.0,0.0,0.14,0.05,0,
8,bootstrap,8,8,0,0,3,18,5.1,401.0,400.0,0.0,0.14,0.05,0,
8,bootstrap,8,8,0,0,3,19,5.3999999999999995,399.33,400.0,0.0,0.14,0.05,0,
8,bootstrap,8,8,0,0,3,20,5.7,398.67,400.0,0.0,0.14,0.05,0,
8,bootstrap,8,8,0,0,3,21,6.0,401.67,400.0,0.0,0.14,0.05,0,
8,bootstrap,8,8,0,0,3,22,6.3,400.33,400.0,0.0,0.14,0.05,0,
8,bootstrap,8,8,0,0,3,23,6.6,400.67,400.0,0.0,0.14,0.05,0,
8,bootstrap,8,8,0,0,3,24,6.8999999999999995,400.33,400.0,0.0,0.14,0.05,0,
8,bootstrap,8,8,0,0,3,25,7.199999999999999,400.0,400.0,0.0,0.14,0.05,0,
8,bootstrap,8,8,0,0,3,26,7.5,399.0,400.0,0.0,0.14,0.05,0,
8,bootstrap,8,8,0,0,3,27,7.8,400.33,400.0,0.0,0.14,0.05,0,
8,bootstrap,8,8,0,0,3,28,8.1,399.33,400.0,0.0,0.14,0.05,0,
8,bootstrap,8,8,0,0,3,29,8.4,399.67,400.0,0.0,0.14,0.05,0,
8,bootstrap,8,8,0,0,3,30,8.7,399.33,400.0,0.0,0.14,0.05,0,
8,bootstrap,8,8,0,0,3,31,9.0,401.0,400.0,0.0,0.14,0.05,0,
8,bootstrap,8,8,0,0,3,32,9.299999999999999,401.33,400.0,0.0,0.14,0.05,0,
8,bootstrap,8,8,0,0,3,33,9.6,401.0,400.0,0.0,0.14,0.05,0,
8,bootstrap,8,8,0,0,3,34,9.9,398.67,400.0,0.0,0.14,0.05,0,
8,bootstrap,8,8,0,0,3,35,10.2,401.67,400.0,0.0,0.14,0.05,0,
8,bootstrap,8,8,0,0,3,36,10.5,398.67,400.0,0.0,0.14,0.05,0,
8,bootstrap,8,8,0,0,3,37,10.799999999999999,399.67,400.0,0.0,0.14,0.05,0,
8,bootstrap,8,8,0,0,3,38,11.1,401.67,400.0,0.0,0.14,0.05,0,
8,bootstrap,8,8,0,0,3,39,11.4,399.33,400.0,0.0,0.14,0.05,0,
9,bootstrap,9,9,0,0,1,1,0.0,370.33,400.0,0.11541004687499996,0.14,0.05,0,
9,bootstrap,9,9,0,0,1,2,0.3,392.0,400.0,0.11541004687499996,0.14,0.05,0,
9,bootstrap,9,9,0,0,1,3,0.6,385.0,400.0,0.11541004687499996,0.14,0.05,0,
9,bootstrap,9,9,0,0,1,4,0.8999999999999999,395.33,400.0,0.11541004687499996,0.14,0.05,0,
9,bootstrap,9,9,0,0,1,5,1.2,394.0,400.0,0.11541004687499996,0.14,0.05,0,
9,bootstrap,9,9,0,0,1,6,1.5,396.33,400.0,0.11541004687499996,0.14,0.05,0,
9,bootstrap,9,9,0,0,1,7,1.7999999999999998,398.33,400.0,0.11541004687499996,0.14,0.05,0,
9,bootstrap,9,9,0,0,1,8,2.1,399.0,400.0,0.11541004687499996,0.14,0.05,0,
9,bootstrap,9,9,0,0,1,9,2.4,399.33,400.0,0.11541004687499996,0.14,0.05,0,
9,bootstrap,9,9,0,0,1,10,2.6999999999999997,399.33,400.0,0.11541004687499996,0.14,0.05,0,
9,bootstrap,9,9,0,0,1,11,3.0,399.0,400.0,0.11541004687499996,0.14,0.05,0,
9,bootstrap,9,9,0,0,1,12,3.3,401.0,400.0,0.11541004687499996,0.14,0.05,0,
9,bootstrap,9,9,0,0,1,13,3.5999999999999996,400.0,400.0,0.11541004687499996,0.14,0.05,0,
9,bootstrap,9,9,0,0,1,14,3.9,400.0,400.0,0.11541004687499996,0.14,0.05,0,
9,bootstrap,9,9,0,0,1,15,4.2,399.67,400.0,0.11541004687499996,0.14,0.05,0,
9,bootstrap,9,9,0,0,1,16,4.5,399.67,400.0,0.11541004687499996,0.14,0.05,0,
9,bootstrap,9,9,0,0,1,17,4.8,400.33,400.0,0.11541004687499996,0.14,0.05,0,
9,bootstrap,9,9,0,0,1,18,5.1,398.67,400.0,0.11541004687499996,0.14,0.05,0,
9,bootstrap,9,9,0,0,1,19,5.3999999999999995,400.33,400.0,0.11541004687499996,0.14,0.05,0,
9,bootstrap,9,9,0,0,1,20,5.7,401.0,400.0,0.11541004687499996,0.14,0.05,0,
9,bootstrap,9,9,0,0,1,21,6.0,398.0,400.0,0.11541004687499996,0.14,0.05,0,
9,bootstrap,9,9,0,0,1,22,6.3,399.67,400.0,0.11541004687499996,0.14,0.05,0,
9,bootstrap,9,9,0,0,1,23,6.6,400.67,400.0,0.11541004687499996,0.14,0.05,0,
9,bootstrap,9,9,0,0,1,24,6.8999999999999995,399.33,400.0,0.11541004687499996,0.14,0.05,0,
9,bootstrap,9,9,0,0,1,25,7.199999999999999,400.0,400.0,0.11541004687499996,0.14,0.05,0,
9,bootstrap,9,9,0,0,1,26,7.5,399.0,400.0,0.11541004687499996,0.14,0.05,0,
9,bootstrap,9,9,0,0,1,27,7.8,401.33,400.0,0.11541004687499996,0.14,0.05,0,
9,bootstrap,9,9,0,0,1,28,8.1,401.67,400.0,0.11541004687499996,0.14,0.05,0,
9,bootstrap,9,9,0,0,1,29,8.4,398.0,400.0,0.11541004687499996,0.14,0.05,0,
9,bootstrap,9,9,0,0,1,30,8.7,400.0,400.0,0.11541004687499996,0.14,0.05,0,
9,bootstrap,9,9,0,0,1,31,9.0,401.0,400.0,0.11541004687499996,0.14,0.05,0,
9,bootstrap,9,9,0,0,1,32,9.299999999999999,398.0,400.0,0.11541004687499996,0.14,0.05,0,
9,bootstrap,9,9,0,0,1,33,9.6,400.33,400.0,0.11541004687499996,0.14,0.05,0,
9,bootstrap,9,9,0,0,1,34,9.9,399.33,400.0,0.11541004687499996,0.14,0.05,0,
9,bootstrap,9,9,0,0,1,35,10.2,401.33,400.0,0.11541004687499996,0.14,0.05,0,
9,bootstrap,9,9,0,0,1,36,10.5,398.67,400.0,0.11541004687499996,0.14,0.05,0,
9,bootstrap,9,9,0,0,1,37,10.799999999999999,402.0,400.0,0.11541004687499996,0.14,0.05,0,
9,bootstrap,9,9,0,0,1,38,11.1,401.0,400.0,0.11541004687499996,0.14,0.05,0,
9,bootstrap,9,9,0,0,1,39,11.4,399.67,400.0,0.11541004687499996,0.14,0.05,0,
9,bootstrap,9,9,0,0,2,1,0.0,372.67,400.0,0.11541004687499996,0.14,0.05,0,
9,bootstrap,9,9,0,0,2,2,0.3,389.67,400.0,0.11541004687499996,0.14,0.05,0,
9,bootstrap,9,9,0,0,2,3,0.6,389.33,400.0,0.11541004687499996,0.14,0.05,0,
9,bootstrap,9,9,0,0,2,4,0.8999999999999999,391.67,400.0,0.11541004687499996,0.14,0.05,0,
9,bootstrap,9,9,0,0,2,5,1.2,395.33,400.0,0.11541004687499996,0.14,0.05,0,
9,bootstrap,9,9,0,0,2,6,1.5,396.33,400.0,0.11541004687499996,0.14,0.05,0,
9,bootstrap,9,9,0,0,2,7,1.7999999999999998,398.33,400.0,0.11541004687499996,0.14,0.05,0,
9,bootstrap,9,9,0,0,2,8,2.1,397.33,400.0,0.11541004687499996,0.14,0.05,0,
9,bootstrap,9,9,0,0,2,9,2.4,398.67,400.0,0.11541004687499996,0.14,0.05,0,
9,bootstrap,9,9,0,0,2,10,2.6999999999999997,399.67,400.0,0.11541004687499996,0.14,0.05,0,
9,bootstrap,9,9,0,0,2,11,3.0,398.0,400.0,0.11541004687499996,0.14,0.05,0,
9,bootstrap,9,9,0,0,2,12,3.3,400.0,400.0,0.11541004687499996,0.14,0.05,0,
9,bootstrap,9,9,0,0,2,13,3.5999999999999996,399.67,400.0,0.11541004687499996,0.14,0.05,0,
9,bootstrap,9,9,0,0,2,14,3.9,400.67,400.0,0.11541004687499996,0.14,0.05,0,
9,bootstrap,9,9,0,0,2,15,4.2,400.33,400.0,0.11541004687499996,0.14,0.05,0,
9,bootstrap,9,9,0,0,2,16,4.5,400.67,400.0,0.11541004687499996,0.14,0.05,0,
9,bootstrap,9,9,0,0,2,17,4.8,399.0,400.0,0.11541004687499996,0.14,0.05,0,
9,bootstrap,9,9,0,0,2,18,5.1,401.67,400.0,0.11541004687499996,0.14,0.05,0,
9,bootstrap,9,9,0,0,2,19,5.3999999999999995,400.33,400.0,0.11541004687499996,0.14,0.05,0,
9,bootstrap,9,9,0,0,2,20,5.7,398.67,400.0,0.11541004687499996,0.14,0.05,0,
9,bootstrap,9,9,0,0,2,21,6.0,400.67,400.0,0.11541004687499996,0.14,0.05,0,
9,bootstrap,9,9,0,0,2,22,6.3,400.0,400.0,0.11541004687499996,0.14,0.05,0,
9,bootstrap,9,9,0,0,2,23,6.6,399.33,400.0,0.11541004687499996,0.14,0.05,0,
9,bootstrap,9,9,0,0,2,24,6.8999999999999995,401.0,400.0,0.11541004687499996,0.14,0.05,0,
9,bootstrap,9,9,0,0,2,25,7.199999999999999,400.67,400.0,0.11541004687499996,0.14,0.05,0,
9,bootstrap,9,9,0,0,2,26,7.5,399.67,400.0,0.11541004687499996,0.14,0.05,0,
9,bootstrap,9,9,0,0,2,27,7.8,399.67,400.0,0.11541004687499996,0.14,0.05,0,
9,bootstrap,9,9,0,0,2,28,8.1,400.33,400.0,0.11541004687499996,0.14,0.05,0,
9,bootstrap,9,9,0,0,2,29,8.4,401.0,400.0,0.11541004687499996,0.14,0.05,0,
9,bootstrap,9,9,0,0,2,30,8.7,398.67,400.0,0.11541004687499996,0.14,0.05,0,
9,bootstrap,9,9,0,0,2,31,9.0,401.67,400.0,0.11541004687499996,0.14,0.05,0,
9,bootstrap,9,9,0,0,2,32,9.299999999999999,399.0,400.0,0.11541004687499996,0.14,0.05,0,
9,bootstrap,9,9,0,0,2,33,9.6,400.67,400.0,0.11541004687499996,0.14,0.05,0,
9,bootstrap,9,9,0,0,2,34,9.9,400.67,400.0,0.11541004687499996,0.14,0.05,0,
9,bootstrap,9,9,0,0,2,35,10.2,399.67,400.0,0.11541004687499996,0.14,0.05,0,
9,bootstrap,9,9,0,0,2,36,10.5,401.0,400.0,0.11541004687499996,0.14,0.05,0,
9,bootstrap,9,9,0,0,2,37,10.799999999999999,399.0,400.0,0.11541004687499996,0.14,0.05,0,
9,bootstrap,9,9,0,0,2,38,11.1,400.33,400.0,0.11541004687499996,0.14,0.05,0,
9,bootstrap,9,9,0,0,2,39,11.4,399.33,400.0,0.11541004687499996,0.14,0.05,0,
9,bootstrap,9,9,0,0,3,1,0.0,370.33,400.0,0.11541004687499996,0.14,0.05,0,
9,bootstrap,9,9,0,0,3,2,0.3,393.67,400.0,0.11541004687499996,0.14,0.05,0,
9,bootstrap,9,9,0,0,3,3,0.6,386.33,400.0,0.11541004687499996,0.14,0.05,0,
9,bootstrap,9,9,0,0,3,4,0.8999999999999999,395.33,400.0,0.11541004687499996,0.14,0.05,0,
9,bootstrap,9,9,0,0,3,5,1.2,395.0,400.0,0.11541004687499996,0.14,0.05,0,
9,bootstrap,9,9,0,0,3,6,1.5,397.0,400.0,0.11541004687499996,0.14,0.05,0,
9,bootstrap,9,9,0,0,3,7,1.7999999999999998,398.0,400.0,0.11541004687499996,0.14,0.05,0,
9,bootstrap,9,9,0,0,3,8,2.1,398.33,400.0,0.11541004687499996,0.14,0.05,0,
9,bootstrap,9,9,0,0,3,9,2.4,400.33,400.0,0.11541004687499996,0.14,0.05,0,
9,bootstrap,9,9,0,0,3,10,2.6999999999999997,400.0,400.0,0.11541004687499996,0.14,0.05,0,
9,bootstrap,9,9,0,0,3,11,3.0,399.67,400.0,0.11541004687499996,0.14,0.05,0,
9,bootstrap,9,9,0,0,3,12,3.3,398.67,400.0,0.11541004687499996,0.14,0.05,0,
9,bootstrap,9,9,0,0,3,13,3.5999999999999996,399.33,400.0,0.11541004687499996,0.14,0.05,0,
9,bootstrap,9,9,0,0,3,14,3.9,400.0,400.0,0.11541004687499996,0.14,0.05,0,
9,bootstrap,9,9,0,0,3,15,4.2,400.0,400.0,0.11541004687499996,0.14,0.05,0,
9,bootstrap,9,9,0,0,3,16,4.5,398.67,400.0,0.11541004687499996,0.14,0.05,0,
9,bootstrap,9,9,0,0,3,17,4.8,400.33,400.0,0.11541004687499996,0.14,0.05,0,
9,bootstrap,9,9,0,0,3,18,5.1,399.67,400.0,0.11541004687499996,0.14,0.05,0,
9,bootstrap,9,9,0,0,3,19,5.3999999999999995,400.33,400.0,0.11541004687499996,0.14,0.05,0,
9,bootstrap,9,9,0,0,3,20,5.7,399.0,400.0,0.11541004687499996,0.14,0.05,0,
9,bootstrap,9,9,0,0,3,21,6.0,401.0,400.0,0.11541004687499996,0.14,0.05,0,
9,bootstrap,9,9,0,0,3,22,6.3,399.33,400.0,0.11541004687499996,0.14,0.05,0,
9,bootstrap,9,9,0,0,3,23,6.6,400.67,400.0,0.11541004687499996,0.14,0.05,0,
9,bootstrap,9,9,0,0,3,24,6.8999999999999995,400.0,400.0,0.11541004687499996,0.14,0.05,0,
9,bootstrap,9,9,0,0,3,25,7.199999999999999,398.67,400.0,0.11541004687499996,0.14,0.05,0,
9,bootstrap,9,9,0,0,3,26,7.5,400.0,400.0,0.11541004687499996,0.14,0.05,0,
9,bootstrap,9,9,0,0,3,27,7.8,400.0,400.0,0.11541004687499996,0.14,0.05,0,
9,bootstrap,9,9,0,0,3,28,8.1,399.33,400.0,0.11541004687499996,0.14,0.05,0,
9,bootstrap,9,9,0,0,3,29,8.4,401.33,400.0,0.11541004687499996,0.14,0.05,0,
9,bootstrap,9,9,0,0,3,30,8.7,399.67,400.0,0.11541004687499996,0.14,0.05,0,
9,bootstrap,9,9,0,0,3,31,9.0,399.0,400.0,0.11541004687499996,0.14,0.05,0,
9,bootstrap,9,9,0,0,3,32,9.299999999999999,401.33,400.0,0.11541004687499996,0.14,0.05,0,
9,bootstrap,9,9,0,0,3,33,9.6,399.67,400.0,0.11541004687499996,0.14,0.05,0,
9,bootstrap,9,9,0,0,3,34,9.9,400.67,400.0,0.11541004687499996,0.14,0.05,0,
9,bootstrap,9,9,0,0,3,35,10.2,400.33,400.0,0.11541004687499996,0.14,0.05,0,
9,bootstrap,9,9,0,0,3,36,10.5,398.0,400.0,0.11541004687499996,0.14,0.05,0,
9,bootstrap,9,9,0,0,3,37,10.799999999999999,400.33,400.0,0.11541004687499996,0.14,0.05,0,
9,bootstrap,9,9,0,0,3,38,11.1,399.67,400.0,0.11541004687499996,0.14,0.05,0,
9,bootstrap,9,9,0,0,3,39,11.4,401.0,400.0,0.11541004687499996,0.14,0.05,0,
10,bootstrap,10,10,0,0,1,1,0.0,371.33,400.0,0.11541004687499996,0.20988358671875001,0.05,0,
10,bootstrap,10,10,0,0,1,2,0.3,399.33,400.0,0.11541004687499996,0.20988358671875001,0.05,0,
10,bootstrap,10,10,0,0,1,3,0.6,389.33,400.0,0.11541004687499996,0.20988358671875001,0.05,0,
10,bootstrap,10,10,0,0,1,4,0.8999999999999999,398.0,400.0,0.11541004687499996,0.20988358671875001,0.05,0,
10,bootstrap,10,10,0,0,1,5,1.2,399.0,400.0,0.11541004687499996,0.20988358671875001,0.05,0,
10,bootstrap,10,10,0,0,1,6,1.5,399.67,400.0,0.11541004687499996,0.20988358671875001,0.05,0,
10,bootstrap,10,10,0,0,1,7,1.7999999999999998,400.0,400.0,0.11541004687499996,0.20988358671875001,0.05,0,
10,bootstrap,10,10,0,0,1,8,2.1,399.67,400.0,0.11541004687499996,0.20988358671875001,0.05,0,
10,bootstrap,10,10,0,0,1,9,2.4,400.33,400.0,0.11541004687499996,0.20988358671875001,0.05,0,
10,bootstrap,10,10,0,0,1,10,2.6999999999999997,399.67,400.0,0.11541004687499996,0.20988358671875001,0.05,0,
10,bootstrap,10,10,0,0,1,11,3.0,399.67,400.0,0.11541004687499996,0.20988358671875001,0.05,0,
10,bootstrap,10,10,0,0,1,12,3.3,400.67,400.0,0.11541004687499996,0.20988358671875001,0.05,0,
10,bootstrap,10,10,0,0,1,13,3.5999999999999996,399.33,400.0,0.11541004687499996,0.20988358671875001,0.05,0,
10,bootstrap,10,10,0,0,1,14,3.9,401.0,400.0,0.11541004687499996,0.20988358671875001,0.05,0,
10,bootstrap,10,10,0,0,1,15,4.2,397.67,400.0,0.11541004687499996,0.20988358671875001,0.05,0,
10,bootstrap,10,10,0,0,1,16,4.5,400.0,400.0,0.11541004687499996,0.20988358671875001,0.05,0,
10,bootstrap,10,10,0,0,1,17,4.8,399.33,400.0,0.11541004687499996,0.20988358671875001,0.05,0,
10,bootstrap,10,10,0,0,1,18,5.1,400.67,400.0,0.11541004687499996,0.20988358671875001,0.05,0,
10,bootstrap,10,10,0,0,1,19,5.3999999999999995,400.33,400.0,0.11541004687499996,0.20988358671875001,0.05,0,
10,bootstrap,10,10,0,0,1,20,5.7,400.0,400.0,0.11541004687499996,0.20988358671875001,0.05,0,
10,bootstrap,10,10,0,0,1,21,6.0,400.0,400.0,0.11541004687499996,0.20988358671875001,0.05,0,
10,bootstrap,10,10,0,0,1,22,6.3,399.67,400.0,0.11541004687499996,0.20988358671875001,0.05,0,
10,bootstrap,10,10,0,0,1,23,6.6,399.33,400.0,0.11541004687499996,0.20988358671875001,0.05,0,
10,bootstrap,10,10,0,0,1,24,6.8999999999999995,400.67,400.0,0.11541004687499996,0.20988358671875001,0.05,0,
10,bootstrap,10,10,0,0,1,25,7.199999999999999,398.0,400.0,0.11541004687499996,0.20988358671875001,0.05,0,
10,bootstrap,10,10,0,0,1,26,7.5,401.33,400.0,0.11541004687499996,0.20988358671875001,0.05,0,
10,bootstrap,10,10,0,0,1,27,7.8,398.33,400.0,0.11541004687499996,0.20988358671875001,0.05,0,
10,bootstrap,10,10,0,0,1,28,8.1,401.0,400.0,0.11541004687499996,0.20988358671875001,0.05,0,
10,bootstrap,10,10,0,0,1,29,8.4,401.33,400.0,0.11541004687499996,0.20988358671875001,0.05,0,
10,bootstrap,10,10,0,0,1,30,8.7,398.33,400.0,0.11541004687499996,0.20988358671875001,0.05,0,
10,bootstrap,10,10,0,0,1,31,9.0,401.33,400.0,0.11541004687499996,0.20988358671875001,0.05,0,
10,bootstrap,10,10,0,0,1,32,9.299999999999999,398.0,400.0,0.11541004687499996,0.20988358671875001,0.05,0,
10,bootstrap,10,10,0,0,1,33,9.6,400.67,400.0,0.11541004687499996,0.20988358671875001,0.05,0,
10,bootstrap,10,10,0,0,1,34,9.9,398.33,400.0,0.11541004687499996,0.20988358671875001,0.05,0,
10,bootstrap,10,10,0,0,1,35,10.2,402.0,400.0,0.11541004687499996,0.20988358671875001,0.05,0,
10,bootstrap,10,10,0,0,1,36,10.5,398.0,400.0,0.11541004687499996,0.20988358671875001,0.05,0,
10,bootstrap,10,10,0,0,1,37,10.799999999999999,402.0,400.0,0.11541004687499996,0.20988358671875001,0.05,0,
10,bootstrap,10,10,0,0,1,38,11.1,399.33,400.0,0.11541004687499996,0.20988358671875001,0.05,0,
10,bootstrap,10,10,0,0,1,39,11.4,401.33,400.0,0.11541004687499996,0.20988358671875001,0.05,0,
10,bootstrap,10,10,0,0,2,1,0.0,371.0,400.0,0.11541004687499996,0.20988358671875001,0.05,0,
10,bootstrap,10,10,0,0,2,2,0.3,398.33,400.0,0.11541004687499996,0.20988358671875001,0.05,0,
10,bootstrap,10,10,0,0,2,3,0.6,388.33,400.0,0.11541004687499996,0.20988358671875001,0.05,0,
10,bootstrap,10,10,0,0,2,4,0.8999999999999999,398.67,400.0,0.11541004687499996,0.20988358671875001,0.05,0,
10,bootstrap,10,10,0,0,2,5,1.2,397.33,400.0,0.11541004687499996,0.20988358671875001,0.05,0,
10,bootstrap,10,10,0,0,2,6,1.5,400.67,400.0,0.11541004687499996,0.20988358671875001,0.05,0,
10,bootstrap,10,10,0,0,2,7,1.7999999999999998,398.67,400.0,0.11541004687499996,0.20988358671875001,0.05,0,
10,bootstrap,10,10,0,0,2,8,2.1,399.67,400.0,0.11541004687499996,0.20988358671875001,0.05,0,
10,bootstrap,10,10,0,0,2,9,2.4,398.0,400.0,0.11541004687499996,0.20988358671875001,0.05,0,
10,bootstrap,10,10,0,0,2,10,2.6999999999999997,401.33,400.0,0.11541004687499996,0.20988358671875001,0.05,0,
10,bootstrap,10,10,0,0,2,11,3.0,400.0,400.0,0.11541004687499996,0.20988358671875001,0.05,0,
10,bootstrap,10,10,0,0,2,12,3.3,400.33,400.0,0.11541004687499996,0.20988358671875001,0.05,0,
10,bootstrap,10,10,0,0,2,13,3.5999999999999996,398.67,400.0,0.11541004687499996,0.20988358671875001,0.05,0,
10,bootstrap,10,10,0,0,2,14,3.9,403.67,400.0,0.11541004687499996,0.20988358671875001,0.05,0,
10,bootstrap,10,10,0,0,2,15,4.2,397.67,400.0,0.11541004687499996,0.20988358671875001,0.05,0,
10,bootstrap,10,10,0,0,2,16,4.5,399.67,400.0,0.11541004687499996,0.20988358671875001,0.05,0,
10,bootstrap,10,10,0,0,2,17,4.8,400.33,400.0,0.11541004687499996,0.20988358671875001,0.05,0,
10,bootstrap,10,10,0,0,2,18,5.1,399.67,400.0,0.11541004687499996,0.20988358671875001,0.05,0,
10,bootstrap,10,10,0,0,2,19,5.3999999999999995,400.33,400.0,0.11541004687499996,0.20988358671875001,0.05,0,
10,bootstrap,10,10,0,0,2,20,5.7,400.33,400.0,0.11541004687499996,0.20988358671875001,0.05,0,
10,bootstrap,10,10,0,0,2,21,6.0,400.33,400.0,0.11541004687499996,0.20988358671875001,0.05,0,
10,bootstrap,10,10,0,0,2,22,6.3,399.33,400.0,0.11541004687499996,0.20988358671875001,0.05,0,
10,bootstrap,10,10,0,0,2,23,6.6,398.67,400.0,0.11541004687499996,0.20988358671875001,0.05,0,
10,bootstrap,10,10,0,0,2,24,6.8999999999999995,400.0,400.0,0.11541004687499996,0.20988358671875001,0.05,0,
10,bootstrap,10,10,0,0,2,25,7.199999999999999,400.0,400.0,0.11541004687499996,0.20988358671875001,0.05,0,
10,bootstrap,10,10,0,0,2,26,7.5,401.0,400.0,0.11541004687499996,0.20988358671875001,0.05,0,
10,bootstrap,10,10,0,0,2,27,7.8,398.67,400.0,0.11541004687499996,0.20988358671875001,0.05,0,
10,bootstrap,10,10,0,0,2,28,8.1,398.67,400.0,0.11541004687499996,0.20988358671875001,0.05,0,
10,bootstrap,10,10,0,0,2,29,8.4,401.33,400.0,0.11541004687499996,0.20988358671875001,0.05,0,
10,bootstrap,10,10,0,0,2,30,8.7,398.33,400.0,0.11541004687499996,0.20988358671875001,0.05,0,
10,bootstrap,10,10,0,0,2,31,9.0,400.0,400.0,0.11541004687499996,0.20988358671875001,0.05,0,
10,bootstrap,10,10,0,0,2,32,9.299999999999999,402.0,400.0,0.11541004687499996,0.20988358671875001,0.05,0,
10,bootstrap,10,10,0,0,2,33,9.6,398.67,400.0,0.11541004687499996,0.20988358671875001,0.05,0,
10,bootstrap,10,10,0,0,2,34,9.9,401.67,400.0,0.11541004687499996,0.20988358671875001,0.05,0,
10,bootstrap,10,10,0,0,2,35,10.2,398.0,400.0,0.11541004687499996,0.20988358671875001,0.05,0,
10,bootstrap,10,10,0,0,2,36,10.5,401.33,400.0,0.11541004687499996,0.20988358671875001,0.05,0,
10,bootstrap,10,10,0,0,2,37,10.799999999999999,399.67,400.0,0.11541004687499996,0.20988358671875001,0.05,0,
10,bootstrap,10,10,0,0,2,38,11.1,399.67,400.0,0.11541004687499996,0.20988358671875001,0.05,0,
10,bootstrap,10,10,0,0,2,39,11.4,400.33,400.0,0.11541004687499996,0.20988358671875001,0.05,0,
10,bootstrap,10,10,0,0,3,1,0.0,368.67,400.0,0.11541004687499996,0.20988358671875001,0.05,0,
10,bootstrap,10,10,0,0,3,2,0.3,399.67,400.0,0.11541004687499996,0.20988358671875001,0.05,0,
10,bootstrap,10,10,0,0,3,3,0.6,386.33,400.0,0.11541004687499996,0.20988358671875001,0.05,0,
10,bootstrap,10,10,0,0,3,4,0.8999999999999999,399.67,400.0,0.11541004687499996,0.20988358671875001,0.05,0,
10,bootstrap,10,10,0,0,3,5,1.2,395.67,400.0,0.11541004687499996,0.20988358671875001,0.05,0,
10,bootstrap,10,10,0,0,3,6,1.5,400.0,400.0,0.11541004687499996,0.20988358671875001,0.05,0,
10,bootstrap,10,10,0,0,3,7,1.7999999999999998,400.67,400.0,0.11541004687499996,0.20988358671875001,0.05,0,
10,bootstrap,10,10,0,0,3,8,2.1,397.0,400.0,0.11541004687499996,0.20988358671875001,0.05,0,
10,bootstrap,10,10,0,0,3,9,2.4,401.67,400.0,0.11541004687499996,0.20988358671875001,0.05,0,
10,bootstrap,10,10,0,0,3,10,2.6999999999999997,399.0,400.0,0.11541004687499996,0.20988358671875001,0.05,0,
10,bootstrap,10,10,0,0,3,11,3.0,399.67,400.0,0.11541004687499996,0.20988358671875001,0.05,0,
10,bootstrap,10,10,0,0,3,12,3.3,400.67,400.0,0.11541004687499996,0.20988358671875001,0.05,0,
10,bootstrap,10,10,0,0,3,13,3.5999999999999996,398.67,400.0,0.11541004687499996,0.20988358671875001,0.05,0,
10,bootstrap,10,10,0,0,3,14,3.9,400.33,400.0,0.11541004687499996,0.20988358671875001,0.05,0,
10,bootstrap,10,10,0,0,3,15,4.2,399.67,400.0,0.11541004687499996,0.20988358671875001,0.05,0,
10,bootstrap,10,10,0,0,3,16,4.5,401.0,400.0,0.11541004687499996,0.20988358671875001,0.05,0,
10,bootstrap,10,10,0,0,3,17,4.8,399.67,400.0,0.11541004687499996,0.20988358671875001,0.05,0,
10,bootstrap,10,10,0,0,3,18,5.1,399.0,400.0,0.11541004687499996,0.20988358671875001,0.05,0,
10,bootstrap,10,10,0,0,3,19,5.3999999999999995,400.33,400.0,0.11541004687499996,0.20988358671875001,0.05,0,
10,bootstrap,10,10,0,0,3,20,5.7,400.0,400.0,0.11541004687499996,0.20988358671875001,0.05,0,
10,bootstrap,10,10,0,0,3,21,6.0,399.0,400.0,0.11541004687499996,0.20988358671875001,0.05,0,
10,bootstrap,10,10,0,0,3,22,6.3,400.67,400.0,0.11541004687499996,0.20988358671875001,0.05,0,
10,bootstrap,10,10,0,0,3,23,6.6,399.67,400.0,0.11541004687499996,0.20988358671875001,0.05,0,
10,bootstrap,10,10,0,0,3,24,6.8999999999999995,399.67,400.0,0.11541004687499996,0.20988358671875001,0.05,0,
10,bootstrap,10,10,0,0,3,25,7.199999999999999,400.33,400.0,0.11541004687499996,0.20988358671875001,0.05,0,
10,bootstrap,10,10,0,0,3,26,7.5,400.0,400.0,0.11541004687499996,0.20988358671875001,0.05,0,
10,bootstrap,10,10,0,0,3,27,7.8,399.33,400.0,0.11541004687499996,0.20988358671875001,0.05,0,
10,bootstrap,10,10,0,0,3,28,8.1,401.67,400.0,0.11541004687499996,0.20988358671875001,0.05,0,
10,bootstrap,10,10,0,0,3,29,8.4,399.0,400.0,0.11541004687499996,0.20988358671875001,0.05,0,
10,bootstrap,10,10,0,0,3,30,8.7,399.33,400.0,0.11541004687499996,0.20988358671875001,0.05,0,
10,bootstrap,10,10,0,0,3,31,9.0,400.0,400.0,0.11541004687499996,0.20988358671875001,0.05,0,
10,bootstrap,10,10,0,0,3,32,9.299999999999999,402.0,400.0,0.11541004687499996,0.20988358671875001,0.05,0,
10,bootstrap,10,10,0,0,3,33,9.6,396.67,400.0,0.11541004687499996,0.20988358671875001,0.05,0,
10,bootstrap,10,10,0,0,3,34,9.9,400.33,400.0,0.11541004687499996,0.20988358671875001,0.05,0,
10,bootstrap,10,10,0,0,3,35,10.2,400.0,400.0,0.11541004687499996,0.20988358671875001,0.05,0,
10,bootstrap,10,10,0,0,3,36,10.5,400.33,400.0,0.11541004687499996,0.20988358671875001,0.05,0,
10,bootstrap,10,10,0,0,3,37,10.799999999999999,400.67,400.0,0.11541004687499996,0.20988358671875001,0.05,0,
10,bootstrap,10,10,0,0,3,38,11.1,399.67,400.0,0.11541004687499996,0.20988358671875001,0.05,0,
10,bootstrap,10,10,0,0,3,39,11.4,400.0,400.0,0.11541004687499996,0.20988358671875001,0.05,0,
11,bootstrap,11,11,0,0,2,1,0.0,372.0,400.0,0.11541004687499996,0.20988358671875001,0.0698003495703125,0,
11,bootstrap,11,11,0,0,2,2,0.3,402.33,400.0,0.11541004687499996,0.20988358671875001,0.0698003495703125,0,
11,bootstrap,11,11,0,0,2,3,0.6,386.0,400.0,0.11541004687499996,0.20988358671875001,0.0698003495703125,0,
11,bootstrap,11,11,0,0,2,4,0.8999999999999999,403.0,400.0,0.11541004687499996,0.20988358671875001,0.0698003495703125,0,
11,bootstrap,11,11,0,0,2,5,1.2,396.33,400.0,0.11541004687499996,0.20988358671875001,0.0698003495703125,0,
11,bootstrap,11,11,0,0,2,6,1.5,400.67,400.0,0.11541004687499996,0.20988358671875001,0.0698003495703125,0,
11,bootstrap,11,11,0,0,2,7,1.7999999999999998,397.33,400.0,0.11541004687499996,0.20988358671875001,0.0698003495703125,0,
11,bootstrap,11,11,0,0,2,8,2.1,401.67,400.0,0.11541004687499996,0.20988358671875001,0.0698003495703125,0,
11,bootstrap,11,11,0,0,2,9,2.4,400.0,400.0,0.11541004687499996,0.20988358671875001,0.0698003495703125,0,
11,bootstrap,11,11,0,0,2,10,2.6999999999999997,399.33,400.0,0.11541004687499996,0.20988358671875001,0.0698003495703125,0,
11,bootstrap,11,11,0,0,2,11,3.0,399.33,400.0,0.11541004687499996,0.20988358671875001,0.0698003495703125,0,
11,bootstrap,11,11,0,0,2,12,3.3,401.33,400.0,0.11541004687499996,0.20988358671875001,0.0698003495703125,0,
11,bootstrap,11,11,0,0,2,13,3.5999999999999996,397.0,400.0,0.11541004687499996,0.20988358671875001,0.0698003495703125,0,
11,bootstrap,11,11,0,0,2,14,3.9,401.67,400.0,0.11541004687499996,0.20988358671875001,0.0698003495703125,0,
11,bootstrap,11,11,0,0,2,15,4.2,398.0,400.0,0.11541004687499996,0.20988358671875001,0.0698003495703125,0,
11,bootstrap,11,11,0,0,2,16,4.5,399.67,400.0,0.11541004687499996,0.20988358671875001,0.0698003495703125,0,
11,bootstrap,11,11,0,0,2,17,4.8,398.33,400.0,0.11541004687499996,0.20988358671875001,0.0698003495703125,0,
11,bootstrap,11,11,0,0,2,18,5.1,401.67,400.0,0.11541004687499996,0.20988358671875001,0.0698003495703125,0,
11,bootstrap,11,11,0,0,2,19,5.3999999999999995,398.0,400.0,0.11541004687499996,0.20988358671875001,0.0698003495703125,0,
11,bootstrap,11,11,0,0,2,20,5.7,401.0,400.0,0.11541004687499996,0.20988358671875001,0.0698003495703125,0,
11,bootstrap,11,11,0,0,2,21,6.0,399.67,400.0,0.11541004687499996,0.20988358671875001,0.0698003495703125,0,
11,bootstrap,11,11,0,0,2,22,6.3,399.0,400.0,0.11541004687499996,0.20988358671875001,0.0698003495703125,0,
11,bootstrap,11,11,0,0,2,23,6.6,398.67,400.0,0.11541004687499996,0.20988358671875001,0.0698003495703125,0,
11,bootstrap,11,11,0,0,2,24,6.8999999999999995,401.33,400.0,0.11541004687499996,0.20988358671875001,0.0698003495703125,0,
11,bootstrap,11,11,0,0,2,25,7.199999999999999,397.33,400.0,0.11541004687499996,0.20988358671875001,0.0698003495703125,0,
11,bootstrap,11,11,0,0,2,26,7.5,402.0,400.0,0.11541004687499996,0.20988358671875001,0.0698003495703125,0,
11,bootstrap,11,11,0,0,2,27,7.8,398.67,400.0,0.11541004687499996,0.20988358671875001,0.0698003495703125,0,
11,bootstrap,11,11,0,0,2,28,8.1,400.67,400.0,0.11541004687499996,0.20988358671875001,0.0698003495703125,0,
11,bootstrap,11,11,0,0,2,29,8.4,400.33,400.0,0.11541004687499996,0.20988358671875001,0.0698003495703125,0,
11,bootstrap,11,11,0,0,2,30,8.7,398.67,400.0,0.11541004687499996,0.20988358671875001,0.0698003495703125,0,
11,bootstrap,11,11,0,0,2,31,9.0,399.67,400.0,0.11541004687499996,0.20988358671875001,0.0698003495703125,0,
11,bootstrap,11,11,0,0,2,32,9.299999999999999,399.67,400.0,0.11541004687499996,0.20988358671875001,0.0698003495703125,0,
11,bootstrap,11,11,0,0,2,33,9.6,399.33,400.0,0.11541004687499996,0.20988358671875001,0.0698003495703125,0,
11,bootstrap,11,11,0,0,2,34,9.9,399.0,400.0,0.11541004687499996,0.20988358671875001,0.0698003495703125,0,
11,bootstrap,11,11,0,0,2,35,10.2,399.67,400.0,0.11541004687499996,0.20988358671875001,0.0698003495703125,0,
11,bootstrap,11,11,0,0,2,36,10.5,401.33,400.0,0.11541004687499996,0.20988358671875001,0.0698003495703125,0,
11,bootstrap,11,11,0,0,2,37,10.799999999999999,400.0,400.0,0.11541004687499996,0.20988358671875001,0.0698003495703125,0,
11,bootstrap,11,11,0,0,2,38,11.1,400.0,400.0,0.11541004687499996,0.20988358671875001,0.0698003495703125,0,
11,bootstrap,11,11,0,0,2,39,11.4,400.33,400.0,0.11541004687499996,0.20988358671875001,0.0698003495703125,0,
11,bootstrap,11,11,0,0,3,1,0.0,365.0,400.0,0.11541004687499996,0.20988358671875001,0.0698003495703125,0,
11,bootstrap,11,11,0,0,3,2,0.3,403.0,400.0,0.11541004687499996,0.20988358671875001,0.0698003495703125,0,
11,bootstrap,11,11,0,0,3,3,0.6,381.0,400.0,0.11541004687499996,0.20988358671875001,0.0698003495703125,0,
11,bootstrap,11,11,0,0,3,4,0.8999999999999999,405.33,400.0,0.11541004687499996,0.20988358671875001,0.0698003495703125,0,
11,bootstrap,11,11,0,0,3,5,1.2,391.0,400.0,0.11541004687499996,0.20988358671875001,0.0698003495703125,0,
11,bootstrap,11,11,0,0,3,6,1.5,403.0,400.0,0.11541004687499996,0.20988358671875001,0.0698003495703125,0,
11,bootstrap,11,11,0,0,3,7,1.7999999999999998,396.0,400.0,0.11541004687499996,0.20988358671875001,0.0698003495703125,0,
11,bootstrap,11,11,0,0,3,8,2.1,402.67,400.0,0.11541004687499996,0.20988358671875001,0.0698003495703125,0,
11,bootstrap,11,11,0,0,3,9,2.4,397.33,400.0,0.11541004687499996,0.20988358671875001,0.0698003495703125,0,
11,bootstrap,11,11,0,0,3,10,2.6999999999999997,402.67,400.0,0.11541004687499996,0.20988358671875001,0.0698003495703125,0,
11,bootstrap,11,11,0,0,3,11,3.0,397.33,400.0,0.11541004687499996,0.20988358671875001,0.0698003495703125,0,
11,bootstrap,11,11,0,0,3,12,3.3,400.33,400.0,0.11541004687499996,0.20988358671875001,0.0698003495703125,0,
11,bootstrap,11,11,0,0,3,13,3.5999999999999996,400.0,400.0,0.11541004687499996,0.20988358671875001,0.0698003495703125,0,
11,bootstrap,11,11,0,0,3,14,3.9,399.33,400.0,0.11541004687499996,0.20988358671875001,0.0698003495703125,0,
11,bootstrap,11,11,0,0,3,15,4.2,399.67,400.0,0.11541004687499996,0.20988358671875001,0.0698003495703125,0,
11,bootstrap,11,11,0,0,3,16,4.5,400.33,400.0,0.11541004687499996,0.20988358671875001,0.0698003495703125,0,
11,bootstrap,11,11,0,0,3,17,4.8,398.67,400.0,0.11541004687499996,0.20988358671875001,0.0698003495703125,0,
11,bootstrap,11,11,0,0,3,18,5.1,401.0,400.0,0.11541004687499996,0.20988358671875001,0.0698003495703125,0,
11,bootstrap,11,11,0,0,3,19,5.3999999999999995,400.33,400.0,0.11541004687499996,0.20988358671875001,0.0698003495703125,0,
11,bootstrap,11,11,0,0,3,20,5.7,399.33,400.0,0.11541004687499996,0.20988358671875001,0.0698003495703125,0,
11,bootstrap,11,11,0,0,3,21,6.0,399.67,400.0,0.11541004687499996,0.20988358671875001,0.0698003495703125,0,
11,bootstrap,11,11,0,0,3,22,6.3,400.33,400.0,0.11541004687499996,0.20988358671875001,0.0698003495703125,0,
11,bootstrap,11,11,0,0,3,23,6.6,399.33,400.0,0.11541004687499996,0.20988358671875001,0.0698003495703125,0,
11,bootstrap,11,11,0,0,3,24,6.8999999999999995,399.33,400.0,0.11541004687499996,0.20988358671875001,0.0698003495703125,0,
11,bootstrap,11,11,0,0,3,25,7.199999999999999,401.0,400.0,0.11541004687499996,0.20988358671875001,0.0698003495703125,0,
11,bootstrap,11,11,0,0,3,26,7.5,399.67,400.0,0.11541004687499996,0.20988358671875001,0.0698003495703125,0,
11,bootstrap,11,11,0,0,3,27,7.8,398.67,400.0,0.11541004687499996,0.20988358671875001,0.0698003495703125,0,
11,bootstrap,11,11,0,0,3,28,8.1,400.33,400.0,0.11541004687499996,0.20988358671875001,0.0698003495703125,0,
11,bootstrap,11,11,0,0,3,29,8.4,399.67,400.0,0.11541004687499996,0.20988358671875001,0.0698003495703125,0,
11,bootstrap,11,11,0,0,3,30,8.7,399.67,400.0,0.11541004687499996,0.20988358671875001,0.0698003495703125,0,
11,bootstrap,11,11,0,0,3,31,9.0,399.67,400.0,0.11541004687499996,0.20988358671875001,0.0698003495703125,0,
11,bootstrap,11,11,0,0,3,32,9.299999999999999,399.33,400.0,0.11541004687499996,0.20988358671875001,0.0698003495703125,0,
11,bootstrap,11,11,0,0,3,33,9.6,400.33,400.0,0.11541004687499996,0.20988358671875001,0.0698003495703125,0,
11,bootstrap,11,11,0,0,3,34,9.9,398.33,400.0,0.11541004687499996,0.20988358671875001,0.0698003495703125,0,
11,bootstrap,11,11,0,0,3,35,10.2,400.0,400.0,0.11541004687499996,0.20988358671875001,0.0698003495703125,0,
11,bootstrap,11,11,0,0,3,36,10.5,400.67,400.0,0.11541004687499996,0.20988358671875001,0.0698003495703125,0,
11,bootstrap,11,11,0,0,3,37,10.799999999999999,399.67,400.0,0.11541004687499996,0.20988358671875001,0.0698003495703125,0,
11,bootstrap,11,11,0,0,3,38,11.1,400.33,400.0,0.11541004687499996,0.20988358671875001,0.0698003495703125,0,
11,bootstrap,11,11,0,0,3,39,11.4,399.33,400.0,0.11541004687499996,0.20988358671875001,0.0698003495703125,0,
12,bootstrap,12,12,0,0,1,1,0.0,360.67,400.0,0.11541004687499996,0.20988358671875001,0.0301996504296875,0,
12,bootstrap,12,12,0,0,1,2,0.3,394.33,400.0,0.11541004687499996,0.20988358671875001,0.0301996504296875,0,
12,bootstrap,12,12,0,0,1,3,0.6,390.0,400.0,0.11541004687499996,0.20988358671875001,0.0301996504296875,0,
12,bootstrap,12,12,0,0,1,4,0.8999999999999999,398.0,400.0,0.11541004687499996,0.20988358671875001,0.0301996504296875,0,
12,bootstrap,12,12,0,0,1,5,1.2,397.0,400.0,0.11541004687499996,0.20988358671875001,0.0301996504296875,0,
12,bootstrap,12,12,0,0,1,6,1.5,397.67,400.0,0.11541004687499996,0.20988358671875001,0.0301996504296875,0,
12,bootstrap,12,12,0,0,1,7,1.7999999999999998,401.33,400.0,0.11541004687499996,0.20988358671875001,0.0301996504296875,0,
12,bootstrap,12,12,0,0,1,8,2.1,398.33,400.0,0.11541004687499996,0.20988358671875001,0.0301996504296875,0,
12,bootstrap,12,12,0,0,1,9,2.4,400.0,400.0,0.11541004687499996,0.20988358671875001,0.0301996504296875,0,
12,bootstrap,12,12,0,0,1,10,2.6999999999999997,401.67,400.0,0.11541004687499996,0.20988358671875001,0.0301996504296875,0,
12,bootstrap,12,12,0,0,1,11,3.0,399.67,400.0,0.11541004687499996,0.20988358671875001,0.0301996504296875,0,
12,bootstrap,12,12,0,0,1,12,3.3,398.33,400.0,0.11541004687499996,0.20988358671875001,0.0301996504296875,0,
12,bootstrap,12,12,0,0,1,13,3.5999999999999996,400.0,400.0,0.11541004687499996,0.20988358671875001,0.0301996504296875,0,
12,bootstrap,12,12,0,0,1,14,3.9,400.0,400.0,0.11541004687499996,0.20988358671875001,0.0301996504296875,0,
12,bootstrap,12,12,0,0,1,15,4.2,398.33,400.0,0.11541004687499996,0.20988358671875001,0.0301996504296875,0,
12,bootstrap,12,12,0,0,1,16,4.5,401.67,400.0,0.11541004687499996,0.20988358671875001,0.0301996504296875,0,
12,bootstrap,12,12,0,0,1,17,4.8,397.67,400.0,0.11541004687499996,0.20988358671875001,0.0301996504296875,0,
12,bootstrap,12,12,0,0,1,18,5.1,401.67,400.0,0.11541004687499996,0.20988358671875001,0.0301996504296875,0,
12,bootstrap,12,12,0,0,1,19,5.3999999999999995,399.33,400.0,0.11541004687499996,0.20988358671875001,0.0301996504296875,0,
12,bootstrap,12,12,0,0,1,20,5.7,399.0,400.0,0.11541004687499996,0.20988358671875001,0.0301996504296875,0,
12,bootstrap,12,12,0,0,1,21,6.0,399.67,400.0,0.11541004687499996,0.20988358671875001,0.0301996504296875,0,
12,bootstrap,12,12,0,0,1,22,6.3,399.33,400.0,0.11541004687499996,0.20988358671875001,0.0301996504296875,0,
12,bootstrap,12,12,0,0,1,23,6.6,400.0,400.0,0.11541004687499996,0.20988358671875001,0.0301996504296875,0,
12,bootstrap,12,12,0,0,1,24,6.8999999999999995,401.33,400.0,0.11541004687499996,0.20988358671875001,0.0301996504296875,0,
12,bootstrap,12,12,0,0,1,25,7.199999999999999,398.67,400.0,0.11541004687499996,0.20988358671875001,0.0301996504296875,0,
12,bootstrap,12,12,0,0,1,26,7.5,401.0,400.0,0.11541004687499996,0.20988358671875001,0.0301996504296875,0,
12,bootstrap,12,12,0,0,1,27,7.8,399.0,400.0,0.11541004687499996,0.20988358671875001,0.0301996504296875,0,
12,bootstrap,12,12,0,0,1,28,8.1,399.0,400.0,0.11541004687499996,0.20988358671875001,0.0301996504296875,0,
12,bootstrap,12,12,0,0,1,29,8.4,400.0,400.0,0.11541004687499996,0.20988358671875001,0.0301996504296875,0,
12,bootstrap,12,12,0,0,1,30,8.7,398.33,400.0,0.11541004687499996,0.20988358671875001,0.0301996504296875,0,
12,bootstrap,12,12,0,0,1,31,9.0,401.0,400.0,0.11541004687499996,0.20988358671875001,0.0301996504296875,0,
12,bootstrap,12,12,0,0,1,32,9.299999999999999,398.67,400.0,0.11541004687499996,0.20988358671875001,0.0301996504296875,0,
12,bootstrap,12,12,0,0,1,33,9.6,401.33,400.0,0.11541004687499996,0.20988358671875001,0.0301996504296875,0,
12,bootstrap,12,12,0,0,1,34,9.9,399.33,400.0,0.11541004687499996,0.20988358671875001,0.0301996504296875,0,
12,bootstrap,12,12,0,0,1,35,10.2,399.67,400.0,0.11541004687499996,0.20988358671875001,0.0301996504296875,0,
12,bootstrap,12,12,0,0,1,36,10.5,399.67,400.0,0.11541004687499996,0.20988358671875001,0.0301996504296875,0,
12,bootstrap,12,12,0,0,1,37,10.799999999999999,398.33,400.0,0.11541004687499996,0.20988358671875001,0.0301996504296875,0,
12,bootstrap,12,12,0,0,1,38,11.1,401.0,400.0,0.11541004687499996,0.20988358671875001,0.0301996504296875,0,
12,bootstrap,12,12,0,0,1,39,11.4,400.0,400.0,0.11541004687499996,0.20988358671875001,0.0301996504296875,0,
12,bootstrap,12,12,0,0,2,1,0.0,353.33,400.0,0.11541004687499996,0.20988358671875001,0.0301996504296875,0,
12,bootstrap,12,12,0,0,2,2,0.3,397.67,400.0,0.11541004687499996,0.20988358671875001,0.0301996504296875,0,
12,bootstrap,12,12,0,0,2,3,0.6,385.33,400.0,0.11541004687499996,0.20988358671875001,0.0301996504296875,0,
12,bootstrap,12,12,0,0,2,4,0.8999999999999999,398.33,400.0,0.11541004687499996,0.20988358671875001,0.0301996504296875,0,
12,bootstrap,12,12,0,0,2,5,1.2,397.67,400.0,0.11541004687499996,0.20988358671875001,0.0301996504296875,0,
12,bootstrap,12,12,0,0,2,6,1.5,397.0,400.0,0.11541004687499996,0.20988358671875001,0.0301996504296875,0,
12,bootstrap,12,12,0,0,2,7,1.7999999999999998,399.67,400.0,0.11541004687499996,0.20988358671875001,0.0301996504296875,0,
12,bootstrap,12,12,0,0,2,8,2.1,400.0,400.0,0.11541004687499996,0.20988358671875001,0.0301996504296875,0,
12,bootstrap,12,12,0,0,2,9,2.4,400.0,400.0,0.11541004687499996,0.20988358671875001,0.0301996504296875,0,
12,bootstrap,12,12,0,0,2,10,2.6999999999999997,399.33,400.0,0.11541004687499996,0.20988358671875001,0.0301996504296875,0,
12,bootstrap,12,12,0,0,2,11,3.0,398.67,400.0,0.11541004687499996,0.20988358671875001,0.0301996504296875,0,
12,bootstrap,12,12,0,0,2,12,3.3,400.0,400.0,0.11541004687499996,0.20988358671875001,0.0301996504296875,0,
12,bootstrap,12,12,0,0,2,13,3.5999999999999996,398.33,400.0,0.11541004687499996,0.20988358671875001,0.0301996504296875,0,
12,bootstrap,12,12,0,0,2,14,3.9,401.33,400.0,0.11541004687499996,0.20988358671875001,0.0301996504296875,0,
12,bootstrap,12,12,0,0,2,15,4.2,399.33,400.0,0.11541004687499996,0.20988358671875001,0.0301996504296875,0,
12,bootstrap,12,12,0,0,2,16,4.5,399.0,400.0,0.11541004687499996,0.20988358671875001,0.0301996504296875,0,
12,bootstrap,12,12,0,0,2,17,4.8,400.67,400.0,0.11541004687499996,0.20988358671875001,0.0301996504296875,0,
12,bootstrap,12,12,0,0,2,18,5.1,399.67,400.0,0.11541004687499996,0.20988358671875001,0.0301996504296875,0,
12,bootstrap,12,12,0,0,2,19,5.3999999999999995,400.0,400.0,0.11541004687499996,0.20988358671875001,0.0301996504296875,0,
12,bootstrap,12,12,0,0,2,20,5.7,398.33,400.0,0.11541004687499996,0.20988358671875001,0.0301996504296875,0,
12,bootstrap,12,12,0,0,2,21,6.0,401.33,400.0,0.11541004687499996,0.20988358671875001,0.0301996504296875,0,
12,bootstrap,12,12,0,0,2,22,6.3,398.67,400.0,0.11541004687499996,0.20988358671875001,0.0301996504296875,0,
12,bootstrap,12,12,0,0,2,23,6.6,400.0,400.0,0.11541004687499996,0.20988358671875001,0.0301996504296875,0,
12,bootstrap,12,12,0,0,2,24,6.8999999999999995,400.33,400.0,0.11541004687499996,0.20988358671875001,0.0301996504296875,0,
12,bootstrap,12,12,0,0,2,25,7.199999999999999,398.0,400.0,0.11541004687499996,0.20988358671875001,0.0301996504296875,0,
12,bootstrap,12,12,0,0,2,26,7.5,399.33,400.0,0.11541004687499996,0.20988358671875001,0.0301996504296875,0,
12,bootstrap,12,12,0,0,2,27,7.8,400.67,400.0,0.11541004687499996,0.20988358671875001,0.0301996504296875,0,
12,bootstrap,12,12,0,0,2,28,8.1,400.67,400.0,0.11541004687499996,0.20988358671875001,0.0301996504296875,0,
12,bootstrap,12,12,0,0,2,29,8.4,399.33,400.0,0.11541004687499996,0.20988358671875001,0.0301996504296875,0,
12,bootstrap,12,12,0,0,2,30,8.7,398.0,400.0,0.11541004687499996,0.20988358671875001,0.0301996504296875,0,
12,bootstrap,12,12,0,0,2,31,9.0,400.33,400.0,0.11541004687499996,0.20988358671875001,0.0301996504296875,0,
12,bootstrap,12,12,0,0,2,32,9.299999999999999,400.33,400.0,0.11541004687499996,0.20988358671875001,0.0301996504296875,0,
12,bootstrap,12,12,0,0,2,33,9.6,399.67,400.0,0.11541004687499996,0.20988358671875001,0.0301996504296875,0,
12,bootstrap,12,12,0,0,2,34,9.9,400.0,400.0,0.11541004687499996,0.20988358671875001,0.0301996504296875,0,
12,bootstrap,12,12,0,0,2,35,10.2,399.67,400.0,0.11541004687499996,0.20988358671875001,0.0301996504296875,0,
12,bootstrap,12,12,0,0,2,36,10.5,400.67,400.0,0.11541004687499996,0.20988358671875001,0.0301996504296875,0,
12,bootstrap,12,12,0,0,2,37,10.799999999999999,400.67,400.0,0.11541004687499996,0.20988358671875001,0.0301996504296875,0,
12,bootstrap,12,12,0,0,2,38,11.1,399.0,400.0,0.11541004687499996,0.20988358671875001,0.0301996504296875,0,
12,bootstrap,12,12,0,0,2,39,11.4,401.67,400.0,0.11541004687499996,0.20988358671875001,0.0301996504296875,0,
12,bootstrap,12,12,0,0,3,1,0.0,355.0,400.0,0.11541004687499996,0.20988358671875001,0.0301996504296875,0,
12,bootstrap,12,12,0,0,3,2,0.3,393.67,400.0,0.11541004687499996,0.20988358671875001,0.0301996504296875,0,
12,bootstrap,12,12,0,0,3,3,0.6,389.0,400.0,0.11541004687499996,0.20988358671875001,0.0301996504296875,0,
12,bootstrap,12,12,0,0,3,4,0.8999999999999999,393.33,400.0,0.11541004687499996,0.20988358671875001,0.0301996504296875,0,
12,bootstrap,12,12,0,0,3,5,1.2,396.67,400.0,0.11541004687499996,0.20988358671875001,0.0301996504296875,0,
12,bootstrap,12,12,0,0,3,6,1.5,398.0,400.0,0.11541004687499996,0.20988358671875001,0.0301996504296875,0,
12,bootstrap,12,12,0,0,3,7,1.7999999999999998,399.0,400.0,0.11541004687499996,0.20988358671875001,0.0301996504296875,0,
12,bootstrap,12,12,0,0,3,8,2.1,400.67,400.0,0.11541004687499996,0.20988358671875001,0.0301996504296875,0,
12,bootstrap,12,12,0,0,3,9,2.4,400.33,400.0,0.11541004687499996,0.20988358671875001,0.0301996504296875,0,
12,bootstrap,12,12,0,0,3,10,2.6999999999999997,399.33,400.0,0.11541004687499996,0.20988358671875001,0.0301996504296875,0,
12,bootstrap,12,12,0,0,3,11,3.0,399.0,400.0,0.11541004687499996,0.20988358671875001,0.0301996504296875,0,
12,bootstrap,12,12,0,0,3,12,3.3,400.0,400.0,0.11541004687499996,0.20988358671875001,0.0301996504296875,0,
12,bootstrap,12,12,0,0,3,13,3.5999999999999996,401.0,400.0,0.11541004687499996,0.20988358671875001,0.0301996504296875,0,
12,bootstrap,12,12,0,0,3,14,3.9,399.67,400.0,0.11541004687499996,0.20988358671875001,0.0301996504296875,0,
12,bootstrap,12,12,0,0,3,15,4.2,401.33,400.0,0.11541004687499996,0.20988358671875001,0.0301996504296875,0,
12,bootstrap,12,12,0,0,3,16,4.5,400.67,400.0,0.11541004687499996,0.20988358671875001,0.0301996504296875,0,
12,bootstrap,12,12,0,0,3,17,4.8,400.33,400.0,0.11541004687499996,0.20988358671875001,0.0301996504296875,0,
12,bootstrap,12,12,0,0,3,18,5.1,401.0,400.0,0.11541004687499996,0.20988358671875001,0.0301996504296875,0,
12,bootstrap,12,12,0,0,3,19,5.3999999999999995,398.67,400.0,0.11541004687499996,0.20988358671875001,0.0301996504296875,0,
12,bootstrap,12,12,0,0,3,20,5.7,400.67,400.0,0.11541004687499996,0.20988358671875001,0.0301996504296875,0,
12,bootstrap,12,12,0,0,3,21,6.0,400.33,400.0,0.11541004687499996,0.20988358671875001,0.0301996504296875,0,
12,bootstrap,12,12,0,0,3,22,6.3,400.33,400.0,0.11541004687499996,0.20988358671875001,0.0301996504296875,0,
12,bootstrap,12,12,0,0,3,23,6.6,401.0,400.0,0.11541004687499996,0.20988358671875001,0.0301996504296875,0,
12,bootstrap,12,12,0,0,3,24,6.8999999999999995,401.0,400.0,0.11541004687499996,0.20988358671875001,0.0301996504296875,0,
12,bootstrap,12,12,0,0,3,25,7.199999999999999,399.0,400.0,0.11541004687499996,0.20988358671875001,0.0301996504296875,0,
12,bootstrap,12,12,0,0,3,26,7.5,400.33,400.0,0.11541004687499996,0.20988358671875001,0.0301996504296875,0,
12,bootstrap,12,12,0,0,3,27,7.8,401.67,400.0,0.11541004687499996,0.20988358671875001,0.0301996504296875,0,
12,bootstrap,12,12,0,0,3,28,8.1,398.33,400.0,0.11541004687499996,0.20988358671875001,0.0301996504296875,0,
12,bootstrap,12,12,0,0,3,29,8.4,400.0,400.0,0.11541004687499996,0.20988358671875001,0.0301996504296875,0,
12,bootstrap,12,12,0,0,3,30,8.7,402.0,400.0,0.11541004687499996,0.20988358671875001,0.0301996504296875,0,
12,bootstrap,12,12,0,0,3,31,9.0,398.67,400.0,0.11541004687499996,0.20988358671875001,0.0301996504296875,0,
12,bootstrap,12,12,0,0,3,32,9.299999999999999,401.0,400.0,0.11541004687499996,0.20988358671875001,0.0301996504296875,0,
12,bootstrap,12,12,0,0,3,33,9.6,400.0,400.0,0.11541004687499996,0.20988358671875001,0.0301996504296875,0,
12,bootstrap,12,12,0,0,3,34,9.9,400.0,400.0,0.11541004687499996,0.20988358671875001,0.0301996504296875,0,
12,bootstrap,12,12,0,0,3,35,10.2,399.0,400.0,0.11541004687499996,0.20988358671875001,0.0301996504296875,0,
12,bootstrap,12,12,0,0,3,36,10.5,400.33,400.0,0.11541004687499996,0.20988358671875001,0.0301996504296875,0,
12,bootstrap,12,12,0,0,3,37,10.799999999999999,400.33,400.0,0.11541004687499996,0.20988358671875001,0.0301996504296875,0,
12,bootstrap,12,12,0,0,3,38,11.1,402.67,400.0,0.11541004687499996,0.20988358671875001,0.0301996504296875,0,
12,bootstrap,12,12,0,0,3,39,11.4,397.33,400.0,0.11541004687499996,0.20988358671875001,0.0301996504296875,0,
13,bootstrap,13,13,0,0,1,1,0.0,365.33,400.0,0.17481109558593744,0.20988358671875001,0.05,0,
13,bootstrap,13,13,0,0,1,2,0.3,398.33,400.0,0.17481109558593744,0.20988358671875001,0.05,0,
13,bootstrap,13,13,0,0,1,3,0.6,384.0,400.0,0.17481109558593744,0.20988358671875001,0.05,0,
13,bootstrap,13,13,0,0,1,4,0.8999999999999999,399.33,400.0,0.17481109558593744,0.20988358671875001,0.05,0,
13,bootstrap,13,13,0,0,1,5,1.2,395.33,400.0,0.17481109558593744,0.20988358671875001,0.05,0,
13,bootstrap,13,13,0,0,1,6,1.5,399.67,400.0,0.17481109558593744,0.20988358671875001,0.05,0,
13,bootstrap,13,13,0,0,1,7,1.7999999999999998,398.67,400.0,0.17481109558593744,0.20988358671875001,0.05,0,
13,bootstrap,13,13,0,0,1,8,2.1,399.67,400.0,0.17481109558593744,0.20988358671875001,0.05,0,
13,bootstrap,13,13,0,0,1,9,2.4,399.67,400.0,0.17481109558593744,0.20988358671875001,0.05,0,
13,bootstrap,13,13,0,0,1,10,2.6999999999999997,398.0,400.0,0.17481109558593744,0.20988358671875001,0.05,0,
13,bootstrap,13,13,0,0,1,11,3.0,401.33,400.0,0.17481109558593744,0.20988358671875001,0.05,0,
13,bootstrap,13,13,0,0,1,12,3.3,399.67,400.0,0.17481109558593744,0.20988358671875001,0.05,0,
13,bootstrap,13,13,0,0,1,13,3.5999999999999996,400.67,400.0,0.17481109558593744,0.20988358671875001,0.05,0,
13,bootstrap,13,13,0,0,1,14,3.9,400.33,400.0,0.17481109558593744,0.20988358671875001,0.05,0,
13,bootstrap,13,13,0,0,1,15,4.2,400.67,400.0,0.17481109558593744,0.20988358671875001,0.05,0,
13,bootstrap,13,13,0,0,1,16,4.5,398.33,400.0,0.17481109558593744,0.20988358671875001,0.05,0,
13,bootstrap,13,13,0,0,1,17,4.8,401.0,400.0,0.17481109558593744,0.20988358671875001,0.05,0,
13,bootstrap,13,13,0,0,1,18,5.1,400.0,400.0,0.17481109558593744,0.20988358671875001,0.05,0,
13,bootstrap,13,13,0,0,1,19,5.3999999999999995,399.67,400.0,0.17481109558593744,0.20988358671875001,0.05,0,
13,bootstrap,13,13,0,0,1,20,5.7,400.0,400.0,0.17481109558593744,0.20988358671875001,0.05,0,
13,bootstrap,13,13,0,0,1,21,6.0,400.0,400.0,0.17481109558593744,0.20988358671875001,0.05,0,
13,bootstrap,13,13,0,0,1,22,6.3,398.0,400.0,0.17481109558593744,0.20988358671875001,0.05,0,
13,bootstrap,13,13,0,0,1,23,6.6,402.33,400.0,0.17481109558593744,0.20988358671875001,0.05,0,
13,bootstrap,13,13,0,0,1,24,6.8999999999999995,399.0,400.0,0.17481109558593744,0.20988358671875001,0.05,0,
13,bootstrap,13,13,0,0,1,25,7.199999999999999,399.33,400.0,0.17481109558593744,0.20988358671875001,0.05,0,
13,bootstrap,13,13,0,0,1,26,7.5,400.67,400.0,0.17481109558593744,0.20988358671875001,0.05,0,
13,bootstrap,13,13,0,0,1,27,7.8,400.0,400.0,0.17481109558593744,0.20988358671875001,0.05,0,
13,bootstrap,13,13,0,0,1,28,8.1,400.33,400.0,0.17481109558593744,0.20988358671875001,0.05,0,
13,bootstrap,13,13,0,0,1,29,8.4,401.33,400.0,0.17481109558593744,0.20988358671875001,0.05,0,
13,bootstrap,13,13,0,0,1,30,8.7,400.33,400.0,0.17481109558593744,0.20988358671875001,0.05,0,
13,bootstrap,13,13,0,0,1,31,9.0,400.0,400.0,0.17481109558593744,0.20988358671875001,0.05,0,
13,bootstrap,13,13,0,0,1,32,9.299999999999999,398.67,400.0,0.17481109558593744,0.20988358671875001,0.05,0,
13,bootstrap,13,13,0,0,1,33,9.6,401.0,400.0,0.17481109558593744,0.20988358671875001,0.05,0,
13,bootstrap,13,13,0,0,1,34,9.9,400.0,400.0,0.17481109558593744,0.20988358671875001,0.05,0,
13,bootstrap,13,13,0,0,1,35,10.2,401.0,400.0,0.17481109558593744,0.20988358671875001,0.05,0,
13,bootstrap,13,13,0,0,1,36,10.5,398.67,400.0,0.17481109558593744,0.20988358671875001,0.05,0,
13,bootstrap,13,13,0,0,1,37,10.799999999999999,402.0,400.0,0.17481109558593744,0.20988358671875001,0.05,0,
13,bootstrap,13,13,0,0,1,38,11.1,398.0,400.0,0.17481109558593744,0.20988358671875001,0.05,0,
13,bootstrap,13,13,0,0,1,39,11.4,401.0,400.0,0.17481109558593744,0.20988358671875001,0.05,0,
13,bootstrap,13,13,0,0,2,1,0.0,366.0,400.0,0.17481109558593744,0.20988358671875001,0.05,0,
13,bootstrap,13,13,0,0,2,2,0.3,400.0,400.0,0.17481109558593744,0.20988358671875001,0.05,0,
13,bootstrap,13,13,0,0,2,3,0.6,387.0,400.0,0.17481109558593744,0.20988358671875001,0.05,0,
13,bootstrap,13,13,0,0,2,4,0.8999999999999999,398.33,400.0,0.17481109558593744,0.20988358671875001,0.05,0,
13,bootstrap,13,13,0,0,2,5,1.2,396.0,400.0,0.17481109558593744,0.20988358671875001,0.05,0,
13,bootstrap,13,13,0,0,2,6,1.5,398.33,400.0,0.17481109558593744,0.20988358671875001,0.05,0,
13,bootstrap,13,13,0,0,2,7,1.7999999999999998,400.33,400.0,0.17481109558593744,0.20988358671875001,0.05,0,
13,bootstrap,13,13,0,0,2,8,2.1,398.67,400.0,0.17481109558593744,0.20988358671875001,0.05,0,
13,bootstrap,13,13,0,0,2,9,2.4,398.67,400.0,0.17481109558593744,0.20988358671875001,0.05,0,
13,bootstrap,13,13,0,0,2,10,2.6999999999999997,401.67,400.0,0.17481109558593744,0.20988358671875001,0.05,0,
13,bootstrap,13,13,0,0,2,11,3.0,398.67,400.0,0.17481109558593744,0.20988358671875001,0.05,0,
13,bootstrap,13,13,0,0,2,12,3.3,401.67,400.0,0.17481109558593744,0.20988358671875001,0.05,0,
13,bootstrap,13,13,0,0,2,13,3.5999999999999996,400.0,400.0,0.17481109558593744,0.20988358671875001,0.05,0,
13,bootstrap,13,13,0,0,2,14,3.9,400.33,400.0,0.17481109558593744,0.20988358671875001,0.05,0,
13,bootstrap,13,13,0,0,2,15,4.2,399.67,400.0,0.17481109558593744,0.20988358671875001,0.05,0,
13,bootstrap,13,13,0,0,2,16,4.5,400.67,400.0,0.17481109558593744,0.20988358671875001,0.05,0,
13,bootstrap,13,13,0,0,2,17,4.8,398.67,400.0,0.17481109558593744,0.20988358671875001,0.05,0,
13,bootstrap,13,13,0,0,2,18,5.1,401.33,400.0,0.17481109558593744,0.20988358671875001,0.05,0,
13,bootstrap,13,13,0,0,2,19,5.3999999999999995,398.67,400.0,0.17481109558593744,0.20988358671875001,0.05,0,
13,bootstrap,13,13,0,0,2,20,5.7,401.33,400.0,0.17481109558593744,0.20988358671875001,0.05,0,
13,bootstrap,13,13,0,0,2,21,6.0,400.33,400.0,0.17481109558593744,0.20988358671875001,0.05,0,
13,bootstrap,13,13,0,0,2,22,6.3,399.33,400.0,0.17481109558593744,0.20988358671875001,0.05,0,
13,bootstrap,13,13,0,0,2,23,6.6,399.0,400.0,0.17481109558593744,0.20988358671875001,0.05,0,
13,bootstrap,13,13,0,0,2,24,6.8999999999999995,400.33,400.0,0.17481109558593744,0.20988358671875001,0.05,0,
13,bootstrap,13,13,0,0,2,25,7.199999999999999,400.67,400.0,0.17481109558593744,0.20988358671875001,0.05,0,
13,bootstrap,13,13,0,0,2,26,7.5,400.33,400.0,0.17481109558593744,0.20988358671875001,0.05,0,
13,bootstrap,13,13,0,0,2,27,7.8,399.0,400.0,0.17481109558593744,0.20988358671875001,0.05,0,
13,bootstrap,13,13,0,0,2,28,8.1,401.67,400.0,0.17481109558593744,0.20988358671875001,0.05,0,
13,bootstrap,13,13,0,0,2,29,8.4,398.67,400.0,0.17481109558593744,0.20988358671875001,0.05,0,
13,bootstrap,13,13,0,0,2,30,8.7,400.0,400.0,0.17481109558593744,0.20988358671875001,0.05,0,
13,bootstrap,13,13,0,0,2,31,9.0,401.33,400.0,0.17481109558593744,0.20988358671875001,0.05,0,
13,bootstrap,13,13,0,0,2,32,9.299999999999999,398.0,400.0,0.17481109558593744,0.20988358671875001,0.05,0,
13,bootstrap,13,13,0,0,2,33,9.6,402.0,400.0,0.17481109558593744,0.20988358671875001,0.05,0,
13,bootstrap,13,13,0,0,2,34,9.9,399.33,400.0,0.17481109558593744,0.20988358671875001,0.05,0,
13,bootstrap,13,13,0,0,2,35,10.2,401.0,400.0,0.17481109558593744,0.20988358671875001,0.05,0,
13,bootstrap,13,13,0,0,2,36,10.5,400.0,400.0,0.17481109558593744,0.20988358671875001,0.05,0,
13,bootstrap,13,13,0,0,2,37,10.799999999999999,399.33,400.0,0.17481109558593744,0.20988358671875001,0.05,0,
13,bootstrap,13,13,0,0,2,38,11.1,400.0,400.0,0.17481109558593744,0.20988358671875001,0.05,0,
13,bootstrap,13,13,0,0,2,39,11.4,402.0,400.0,0.17481109558593744,0.20988358671875001,0.05,0,
13,bootstrap,13,13,0,0,3,1,0.0,369.33,400.0,0.17481109558593744,0.20988358671875001,0.05,0,
13,bootstrap,13,13,0,0,3,2,0.3,401.33,400.0,0.17481109558593744,0.20988358671875001,0.05,0,
13,bootstrap,13,13,0,0,3,3,0.6,384.33,400.0,0.17481109558593744,0.20988358671875001,0.05,0,
13,bootstrap,13,13,0,0,3,4,0.8999999999999999,401.0,400.0,0.17481109558593744,0.20988358671875001,0.05,0,
13,bootstrap,13,13,0,0,3,5,1.2,394.0,400.0,0.17481109558593744,0.20988358671875001,0.05,0,
13,bootstrap,13,13,0,0,3,6,1.5,402.33,400.0,0.17481109558593744,0.20988358671875001,0.05,0,
13,bootstrap,13,13,0,0,3,7,1.7999999999999998,398.0,400.0,0.17481109558593744,0.20988358671875001,0.05,0,
13,bootstrap,13,13,0,0,3,8,2.1,399.33,400.0,0.17481109558593744,0.20988358671875001,0.05,0,
13,bootstrap,13,13,0,0,3,9,2.4,401.33,400.0,0.17481109558593744,0.20988358671875001,0.05,0,
13,bootstrap,13,13,0,0,3,10,2.6999999999999997,397.33,400.0,0.17481109558593744,0.20988358671875001,0.05,0,
13,bootstrap,13,13,0,0,3,11,3.0,401.0,400.0,0.17481109558593744,0.20988358671875001,0.05,0,
13,bootstrap,13,13,0,0,3,12,3.3,400.0,400.0,0.17481109558593744,0.20988358671875001,0.05,0,
13,bootstrap,13,13,0,0,3,13,3.5999999999999996,398.67,400.0,0.17481109558593744,0.20988358671875001,0.05,0,
13,bootstrap,13,13,0,0,3,14,3.9,401.33,400.0,0.17481109558593744,0.20988358671875001,0.05,0,
13,bootstrap,13,13,0,0,3,15,4.2,399.67,400.0,0.17481109558593744,0.20988358671875001,0.05,0,
13,bootstrap,13,13,0,0,3,16,4.5,400.0,400.0,0.17481109558593744,0.20988358671875001,0.05,0,
13,bootstrap,13,13,0,0,3,17,4.8,399.33,400.0,0.17481109558593744,0.20988358671875001,0.05,0,
13,bootstrap,13,13,0,0,3,18,5.1,402.33,400.0,0.17481109558593744,0.20988358671875001,0.05,0,
13,bootstrap,13,13,0,0,3,19,5.3999999999999995,399.0,400.0,0.17481109558593744,0.20988358671875001,0.05,0,
13,bootstrap,13,13,0,0,3,20,5.7,399.67,400.0,0.17481109558593744,0.20988358671875001,0.05,0,
13,bootstrap,13,13,0,0,3,21,6.0,400.67,400.0,0.17481109558593744,0.20988358671875001,0.05,0,
13,bootstrap,13,13,0,0,3,22,6.3,400.0,400.0,0.17481109558593744,0.20988358671875001,0.05,0,
13,bootstrap,13,13,0,0,3,23,6.6,399.33,400.0,0.17481109558593744,0.20988358671875001,0.05,0,
13,bootstrap,13,13,0,0,3,24,6.8999999999999995,399.67,400.0,0.17481109558593744,0.20988358671875001,0.05,0,
13,bootstrap,13,13,0,0,3,25,7.199999999999999,401.0,400.0,0.17481109558593744,0.20988358671875001,0.05,0,
13,bootstrap,13,13,0,0,3,26,7.5,397.67,400.0,0.17481109558593744,0.20988358671875001,0.05,0,
13,bootstrap,13,13,0,0,3,27,7.8,402.33,400.0,0.17481109558593744,0.20988358671875001,0.05,0,
13,bootstrap,13,13,0,0,3,28,8.1,399.67,400.0,0.17481109558593744,0.20988358671875001,0.05,0,
13,bootstrap,13,13,0,0,3,29,8.4,400.67,400.0,0.17481109558593744,0.20988358671875001,0.05,0,
13,bootstrap,13,13,0,0,3,30,8.7,400.0,400.0,0.17481109558593744,0.20988358671875001,0.05,0,
13,bootstrap,13,13,0,0,3,31,9.0,401.67,400.0,0.17481109558593744,0.20988358671875001,0.05,0,
13,bootstrap,13,13,0,0,3,32,9.299999999999999,398.33,400.0,0.17481109558593744,0.20988358671875001,0.05,0,
13,bootstrap,13,13,0,0,3,33,9.6,401.67,400.0,0.17481109558593744,0.20988358671875001,0.05,0,
13,bootstrap,13,13,0,0,3,34,9.9,399.67,400.0,0.17481109558593744,0.20988358671875001,0.05,0,
13,bootstrap,13,13,0,0,3,35,10.2,400.0,400.0,0.17481109558593744,0.20988358671875001,0.05,0,
13,bootstrap,13,13,0,0,3,36,10.5,399.67,400.0,0.17481109558593744,0.20988358671875001,0.05,0,
13,bootstrap,13,13,0,0,3,37,10.799999999999999,400.0,400.0,0.17481109558593744,0.20988358671875001,0.05,0,
13,bootstrap,13,13,0,0,3,38,11.1,400.67,400.0,0.17481109558593744,0.20988358671875001,0.05,0,
13,bootstrap,13,13,0,0,3,39,11.4,399.33,400.0,0.17481109558593744,0.20988358671875001,0.05,0,
14,bootstrap,14,14,0,0,1,1,0.0,373.67,400.0,0.11541004687499996,0.2692846354296875,0.05,0,
14,bootstrap,14,14,0,0,1,2,0.3,400.33,400.0,0.11541004687499996,0.2692846354296875,0.05,0,
14,bootstrap,14,14,0,0,1,3,0.6,390.67,400.0,0.11541004687499996,0.2692846354296875,0.05,0,
14,bootstrap,14,14,0,0,1,4,0.8999999999999999,402.0,400.0,0.11541004687499996,0.2692846354296875,0.05,0,
14,bootstrap,14,14,0,0,1,5,1.2,398.33,400.0,0.11541004687499996,0.2692846354296875,0.05,0,
14,bootstrap,14,14,0,0,1,6,1.5,400.33,400.0,0.11541004687499996,0.2692846354296875,0.05,0,
14,bootstrap,14,14,0,0,1,7,1.7999999999999998,400.33,400.0,0.11541004687499996,0.2692846354296875,0.05,0,
14,bootstrap,14,14,0,0,1,8,2.1,398.33,400.0,0.11541004687499996,0.2692846354296875,0.05,0,
14,bootstrap,14,14,0,0,1,9,2.4,401.0,400.0,0.11541004687499996,0.2692846354296875,0.05,0,
14,bootstrap,14,14,0,0,1,10,2.6999999999999997,398.33,400.0,0.11541004687499996,0.2692846354296875,0.05,0,
14,bootstrap,14,14,0,0,1,11,3.0,402.67,400.0,0.11541004687499996,0.2692846354296875,0.05,0,
14,bootstrap,14,14,0,0,1,12,3.3,398.33,400.0,0.11541004687499996,0.2692846354296875,0.05,0,
14,bootstrap,14,14,0,0,1,13,3.5999999999999996,399.33,400.0,0.11541004687499996,0.2692846354296875,0.05,0,
14,bootstrap,14,14,0,0,1,14,3.9,399.0,400.0,0.11541004687499996,0.2692846354296875,0.05,0,
14,bootstrap,14,14,0,0,1,15,4.2,402.67,400.0,0.11541004687499996,0.2692846354296875,0.05,0,
14,bootstrap,14,14,0,0,1,16,4.5,398.33,400.0,0.11541004687499996,0.2692846354296875,0.05,0,
14,bootstrap,14,14,0,0,1,17,4.8,401.0,400.0,0.11541004687499996,0.2692846354296875,0.05,0,
14,bootstrap,14,14,0,0,1,18,5.1,398.67,400.0,0.11541004687499996,0.2692846354296875,0.05,0,
14,bootstrap,14,14,0,0,1,19,5.3999999999999995,401.67,400.0,0.11541004687499996,0.2692846354296875,0.05,0,
14,bootstrap,14,14,0,0,1,20,5.7,398.33,400.0,0.11541004687499996,0.2692846354296875,0.05,0,
14,bootstrap,14,14,0,0,1,21,6.0,401.33,400.0,0.11541004687499996,0.2692846354296875,0.05,0,
14,bootstrap,14,14,0,0,1,22,6.3,398.67,400.0,0.11541004687499996,0.2692846354296875,0.05,0,
14,bootstrap,14,14,0,0,1,23,6.6,401.0,400.0,0.11541004687499996,0.2692846354296875,0.05,0,
14,bootstrap,14,14,0,0,1,24,6.8999999999999995,400.0,400.0,0.11541004687499996,0.2692846354296875,0.05,0,
14,bootstrap,14,14,0,0,1,25,7.199999999999999,398.0,400.0,0.11541004687499996,0.2692846354296875,0.05,0,
14,bootstrap,14,14,0,0,1,26,7.5,400.67,400.0,0.11541004687499996,0.2692846354296875,0.05,0,
14,bootstrap,14,14,0,0,1,27,7.8,400.67,400.0,0.11541004687499996,0.2692846354296875,0.05,0,
14,bootstrap,14,14,0,0,1,28,8.1,399.33,400.0,0.11541004687499996,0.2692846354296875,0.05,0,
14,bootstrap,14,14,0,0,1,29,8.4,400.0,400.0,0.11541004687499996,0.2692846354296875,0.05,0,
14,bootstrap,14,14,0,0,1,30,8.7,400.67,400.0,0.11541004687499996,0.2692846354296875,0.05,0,
14,bootstrap,14,14,0,0,1,31,9.0,398.67,400.0,0.11541004687499996,0.2692846354296875,0.05,0,
14,bootstrap,14,14,0,0,1,32,9.299999999999999,402.33,400.0,0.11541004687499996,0.2692846354296875,0.05,0,
14,bootstrap,14,14,0,0,1,33,9.6,400.0,400.0,0.11541004687499996,0.2692846354296875,0.05,0,
14,bootstrap,14,14,0,0,1,34,9.9,399.0,400.0,0.11541004687499996,0.2692846354296875,0.05,0,
14,bootstrap,14,14,0,0,1,35,10.2,399.33,400.0,0.11541004687499996,0.2692846354296875,0.05,0,
14,bootstrap,14,14,0,0,1,36,10.5,400.67,400.0,0.11541004687499996,0.2692846354296875,0.05,0,
14,bootstrap,14,14,0,0,1,37,10.799999999999999,399.67,400.0,0.11541004687499996,0.2692846354296875,0.05,0,
14,bootstrap,14,14,0,0,1,38,11.1,398.67,400.0,0.11541004687499996,0.2692846354296875,0.05,0,
14,bootstrap,14,14,0,0,1,39,11.4,401.33,400.0,0.11541004687499996,0.2692846354296875,0.05,0,
14,bootstrap,14,14,0,0,2,1,0.0,368.67,400.0,0.11541004687499996,0.2692846354296875,0.05,0,
14,bootstrap,14,14,0,0,2,2,0.3,406.67,400.0,0.11541004687499996,0.2692846354296875,0.05,0,
14,bootstrap,14,14,0,0,2,3,0.6,387.67,400.0,0.11541004687499996,0.2692846354296875,0.05,0,
14,bootstrap,14,14,0,0,2,4,0.8999999999999999,403.0,400.0,0.11541004687499996,0.2692846354296875,0.05,0,
14,bootstrap,14,14,0,0,2,5,1.2,397.0,400.0,0.11541004687499996,0.2692846354296875,0.05,0,
14,bootstrap,14,14,0,0,2,6,1.5,402.67,400.0,0.11541004687499996,0.2692846354296875,0.05,0,
14,bootstrap,14,14,0,0,2,7,1.7999999999999998,398.33,400.0,0.11541004687499996,0.2692846354296875,0.05,0,
14,bootstrap,14,14,0,0,2,8,2.1,399.67,400.0,0.11541004687499996,0.2692846354296875,0.05,0,
14,bootstrap,14,14,0,0,2,9,2.4,400.0,400.0,0.11541004687499996,0.2692846354296875,0.05,0,
14,bootstrap,14,14,0,0,2,10,2.6999999999999997,400.0,400.0,0.11541004687499996,0.2692846354296875,0.05,0,
14,bootstrap,14,14,0,0,2,11,3.0,398.67,400.0,0.11541004687499996,0.2692846354296875,0.05,0,
14,bootstrap,14,14,0,0,2,12,3.3,403.0,400.0,0.11541004687499996,0.2692846354296875,0.05,0,
14,bootstrap,14,14,0,0,2,13,3.5999999999999996,398.0,400.0,0.11541004687499996,0.2692846354296875,0.05,0,
14,bootstrap,14,14,0,0,2,14,3.9,402.0,400.0,0.11541004687499996,0.2692846354296875,0.05,0,
14,bootstrap,14,14,0,0,2,15,4.2,397.33,400.0,0.11541004687499996,0.2692846354296875,0.05,0,
14,bootstrap,14,14,0,0,2,16,4.5,402.33,400.0,0.11541004687499996,0.2692846354296875,0.05,0,
14,bootstrap,14,14,0,0,2,17,4.8,398.0,400.0,0.11541004687499996,0.2692846354296875,0.05,0,
14,bootstrap,14,14,0,0,2,18,5.1,401.33,400.0,0.11541004687499996,0.2692846354296875,0.05,0,
14,bootstrap,14,14,0,0,2,19,5.3999999999999995,400.0,400.0,0.11541004687499996,0.2692846354296875,0.05,0,
14,bootstrap,14,14,0,0,2,20,5.7,399.33,400.0,0.11541004687499996,0.2692846354296875,0.05,0,
14,bootstrap,14,14,0,0,2,21,6.0,400.33,400.0,0.11541004687499996,0.2692846354296875,0.05,0,
14,bootstrap,14,14,0,0,2,22,6.3,397.67,400.0,0.11541004687499996,0.2692846354296875,0.05,0,
14,bootstrap,14,14,0,0,2,23,6.6,402.0,400.0,0.11541004687499996,0.2692846354296875,0.05,0,
14,bootstrap,14,14,0,0,2,24,6.8999999999999995,400.0,400.0,0.11541004687499996,0.2692846354296875,0.05,0,
14,bootstrap,14,14,0,0,2,25,7.199999999999999,400.0,400.0,0.11541004687499996,0.2692846354296875,0.05,0,
14,bootstrap,14,14,0,0,2,26,7.5,401.33,400.0,0.11541004687499996,0.2692846354296875,0.05,0,
14,bootstrap,14,14,0,0,2,27,7.8,397.67,400.0,0.11541004687499996,0.2692846354296875,0.05,0,
14,bootstrap,14,14,0,0,2,28,8.1,401.33,400.0,0.11541004687499996,0.2692846354296875,0.05,0,
14,bootstrap,14,14,0,0,2,29,8.4,398.67,400.0,0.11541004687499996,0.2692846354296875,0.05,0,
14,bootstrap,14,14,0,0,2,30,8.7,401.33,400.0,0.11541004687499996,0.2692846354296875,0.05,0,
14,bootstrap,14,14,0,0,2,31,9.0,399.0,400.0,0.11541004687499996,0.2692846354296875,0.05,0,
14,bootstrap,14,14,0,0,2,32,9.299999999999999,402.33,400.0,0.11541004687499996,0.2692846354296875,0.05,0,
14,bootstrap,14,14,0,0,2,33,9.6,398.0,400.0,0.11541004687499996,0.2692846354296875,0.05,0,
14,bootstrap,14,14,0,0,2,34,9.9,401.67,400.0,0.11541004687499996,0.2692846354296875,0.05,0,
14,bootstrap,14,14,0,0,2,35,10.2,398.33,400.0,0.11541004687499996,0.2692846354296875,0.05,0,
14,bootstrap,14,14,0,0,2,36,10.5,401.0,400.0,0.11541004687499996,0.2692846354296875,0.05,0,
14,bootstrap,14,14,0,0,2,37,10.799999999999999,397.0,400.0,0.11541004687499996,0.2692846354296875,0.05,0,
14,bootstrap,14,14,0,0,2,38,11.1,403.0,400.0,0.11541004687499996,0.2692846354296875,0.05,0,
14,bootstrap,14,14,0,0,2,39,11.4,398.0,400.0,0.11541004687499996,0.2692846354296875,0.05,0,
14,bootstrap,14,14,0,0,3,1,0.0,369.33,400.0,0.11541004687499996,0.2692846354296875,0.05,0,
14,bootstrap,14,14,0,0,3,2,0.3,404.33,400.0,0.11541004687499996,0.2692846354296875,0.05,0,
14,bootstrap,14,14,0,0,3,3,0.6,388.67,400.0,0.11541004687499996,0.2692846354296875,0.05,0,
14,bootstrap,14,14,0,0,3,4,0.8999999999999999,402.67,400.0,0.11541004687499996,0.2692846354296875,0.05,0,
14,bootstrap,14,14,0,0,3,5,1.2,397.33,400.0,0.11541004687499996,0.2692846354296875,0.05,0,
14,bootstrap,14,14,0,0,3,6,1.5,401.67,400.0,0.11541004687499996,0.2692846354296875,0.05,0,
14,bootstrap,14,14,0,0,3,7,1.7999999999999998,398.33,400.0,0.11541004687499996,0.2692846354296875,0.05,0,
14,bootstrap,14,14,0,0,3,8,2.1,401.0,400.0,0.11541004687499996,0.2692846354296875,0.05,0,
14,bootstrap,14,14,0,0,3,9,2.4,400.0,400.0,0.11541004687499996,0.2692846354296875,0.05,0,
14,bootstrap,14,14,0,0,3,10,2.6999999999999997,400.33,400.0,0.11541004687499996,0.2692846354296875,0.05,0,
14,bootstrap,14,14,0,0,3,11,3.0,399.67,400.0,0.11541004687499996,0.2692846354296875,0.05,0,
14,bootstrap,14,14,0,0,3,12,3.3,399.33,400.0,0.11541004687499996,0.2692846354296875,0.05,0,
14,bootstrap,14,14,0,0,3,13,3.5999999999999996,399.0,400.0,0.11541004687499996,0.2692846354296875,0.05,0,
14,bootstrap,14,14,0,0,3,14,3.9,401.33,400.0,0.11541004687499996,0.2692846354296875,0.05,0,
14,bootstrap,14,14,0,0,3,15,4.2,401.0,400.0,0.11541004687499996,0.2692846354296875,0.05,0,
14,bootstrap,14,14,0,0,3,16,4.5,398.0,400.0,0.11541004687499996,0.2692846354296875,0.05,0,
14,bootstrap,14,14,0,0,3,17,4.8,401.33,400.0,0.11541004687499996,0.2692846354296875,0.05,0,
14,bootstrap,14,14,0,0,3,18,5.1,399.0,400.0,0.11541004687499996,0.2692846354296875,0.05,0,
14,bootstrap,14,14,0,0,3,19,5.3999999999999995,400.0,400.0,0.11541004687499996,0.2692846354296875,0.05,0,
14,bootstrap,14,14,0,0,3,20,5.7,399.67,400.0,0.11541004687499996,0.2692846354296875,0.05,0,
14,bootstrap,14,14,0,0,3,21,6.0,400.0,400.0,0.11541004687499996,0.2692846354296875,0.05,0,
14,bootstrap,14,14,0,0,3,22,6.3,400.33,400.0,0.11541004687499996,0.2692846354296875,0.05,0,
14,bootstrap,14,14,0,0,3,23,6.6,401.67,400.0,0.11541004687499996,0.2692846354296875,0.05,0,
14,bootstrap,14,14,0,0,3,24,6.8999999999999995,397.33,400.0,0.11541004687499996,0.2692846354296875,0.05,0,
14,bootstrap,14,14,0,0,3,25,7.199999999999999,401.67,400.0,0.11541004687499996,0.2692846354296875,0.05,0,
14,bootstrap,14,14,0,0,3,26,7.5,398.33,400.0,0.11541004687499996,0.2692846354296875,0.05,0,
14,bootstrap,14,14,0,0,3,27,7.8,401.33,400.0,0.11541004687499996,0.2692846354296875,0.05,0,
14,bootstrap,14,14,0,0,3,28,8.1,398.67,400.0,0.11541004687499996,0.2692846354296875,0.05,0,
14,bootstrap,14,14,0,0,3,29,8.4,400.33,400.0,0.11541004687499996,0.2692846354296875,0.05,0,
14,bootstrap,14,14,0,0,3,30,8.7,400.33,400.0,0.11541004687499996,0.2692846354296875,0.05,0,
14,bootstrap,14,14,0,0,3,31,9.0,399.0,400.0,0.11541004687499996,0.2692846354296875,0.05,0,
14,bootstrap,14,14,0,0,3,32,9.299999999999999,403.67,400.0,0.11541004687499996,0.2692846354296875,0.05,0,
14,bootstrap,14,14,0,0,3,33,9.6,396.33,400.0,0.11541004687499996,0.2692846354296875,0.05,0,
14,bootstrap,14,14,0,0,3,34,9.9,401.33,400.0,0.11541004687499996,0.2692846354296875,0.05,0,
14,bootstrap,14,14,0,0,3,35,10.2,400.33,400.0,0.11541004687499996,0.2692846354296875,0.05,0,
14,bootstrap,14,14,0,0,3,36,10.5,400.33,400.0,0.11541004687499996,0.2692846354296875,0.05,0,
14,bootstrap,14,14,0,0,3,37,10.799999999999999,398.67,400.0,0.11541004687499996,0.2692846354296875,0.05,0,
14,bootstrap,14,14,0,0,3,38,11.1,399.67,400.0,0.11541004687499996,0.2692846354296875,0.05,0,
14,bootstrap,14,14,0,0,3,39,11.4,400.67,400.0,0.11541004687499996,0.2692846354296875,0.05,0,
15,bootstrap,15,15,0,0,1,1,0.0,370.33,400.0,0.11541004687499996,0.20988358671875001,0.0698003495703125,0,
15,bootstrap,15,15,0,0,1,2,0.3,399.67,400.0,0.11541004687499996,0.20988358671875001,0.0698003495703125,0,
15,bootstrap,15,15,0,0,1,3,0.6,383.67,400.0,0.11541004687499996,0.20988358671875001,0.0698003495703125,0,
15,bootstrap,15,15,0,0,1,4,0.8999999999999999,403.67,400.0,0.11541004687499996,0.20988358671875001,0.0698003495703125,0,
15,bootstrap,15,15,0,0,1,5,1.2,391.33,400.0,0.11541004687499996,0.20988358671875001,0.0698003495703125,0,
15,bootstrap,15,15,0,0,1,6,1.5,403.67,400.0,0.11541004687499996,0.20988358671875001,0.0698003495703125,0,
15,bootstrap,15,15,0,0,1,7,1.7999999999999998,398.0,400.0,0.11541004687499996,0.20988358671875001,0.0698003495703125,0,
15,bootstrap,15,15,0,0,1,8,2.1,401.0,400.0,0.11541004687499996,0.20988358671875001,0.0698003495703125,0,
15,bootstrap,15,15,0,0,1,9,2.4,399.67,400.0,0.11541004687499996,0.20988358671875001,0.0698003495703125,0,
15,bootstrap,15,15,0,0,1,10,2.6999999999999997,401.0,400.0,0.11541004687499996,0.20988358671875001,0.0698003495703125,0,
15,bootstrap,15,15,0,0,1,11,3.0,400.0,400.0,0.11541004687499996,0.20988358671875001,0.0698003495703125,0,
15,bootstrap,15,15,0,0,1,12,3.3,399.67,400.0,0.11541004687499996,0.20988358671875001,0.0698003495703125,0,
15,bootstrap,15,15,0,0,1,13,3.5999999999999996,400.67,400.0,0.11541004687499996,0.20988358671875001,0.0698003495703125,0,
15,bootstrap,15,15,0,0,1,14,3.9,400.0,400.0,0.11541004687499996,0.20988358671875001,0.0698003495703125,0,
15,bootstrap,15,15,0,0,1,15,4.2,399.67,400.0,0.11541004687499996,0.20988358671875001,0.0698003495703125,0,
15,bootstrap,15,15,0,0,1,16,4.5,400.33,400.0,0.11541004687499996,0.20988358671875001,0.0698003495703125,0,
15,bootstrap,15,15,0,0,1,17,4.8,398.0,400.0,0.11541004687499996,0.20988358671875001,0.0698003495703125,0,
15,bootstrap,15,15,0,0,1,18,5.1,402.0,400.0,0.11541004687499996,0.20988358671875001,0.0698003495703125,0,
15,bootstrap,15,15,0,0,1,19,5.3999999999999995,396.33,400.0,0.11541004687499996,0.20988358671875001,0.0698003495703125,0,
15,bootstrap,15,15,0,0,1,20,5.7,403.0,400.0,0.11541004687499996,0.20988358671875001,0.0698003495703125,0,
15,bootstrap,15,15,0,0,1,21,6.0,398.0,400.0,0.11541004687499996,0.20988358671875001,0.0698003495703125,0,
15,bootstrap,15,15,0,0,1,22,6.3,400.67,400.0,0.11541004687499996,0.20988358671875001,0.0698003495703125,0,
15,bootstrap,15,15,0,0,1,23,6.6,398.33,400.0,0.11541004687499996,0.20988358671875001,0.0698003495703125,0,
15,bootstrap,15,15,0,0,1,24,6.8999999999999995,400.0,400.0,0.11541004687499996,0.20988358671875001,0.0698003495703125,0,
15,bootstrap,15,15,0,0,1,25,7.199999999999999,399.67,400.0,0.11541004687499996,0.20988358671875001,0.0698003495703125,0,
15,bootstrap,15,15,0,0,1,26,7.5,401.0,400.0,0.11541004687499996,0.20988358671875001,0.0698003495703125,0,
15,bootstrap,15,15,0,0,1,27,7.8,398.67,400.0,0.11541004687499996,0.20988358671875001,0.0698003495703125,0,
15,bootstrap,15,15,0,0,1,28,8.1,402.0,400.0,0.11541004687499996,0.20988358671875001,0.0698003495703125,0,
15,bootstrap,15,15,0,0,1,29,8.4,398.0,400.0,0.11541004687499996,0.20988358671875001,0.0698003495703125,0,
15,bootstrap,15,15,0,0,1,30,8.7,401.33,400.0,0.11541004687499996,0.20988358671875001,0.0698003495703125,0,
15,bootstrap,15,15,0,0,1,31,9.0,398.67,400.0,0.11541004687499996,0.20988358671875001,0.0698003495703125,0,
15,bootstrap,15,15,0,0,1,32,9.299999999999999,400.33,400.0,0.11541004687499996,0.20988358671875001,0.0698003495703125,0,
15,bootstrap,15,15,0,0,1,33,9.6,399.0,400.0,0.11541004687499996,0.20988358671875001,0.0698003495703125,0,
15,bootstrap,15,15,0,0,1,34,9.9,401.0,400.0,0.11541004687499996,0.20988358671875001,0.0698003495703125,0,
15,bootstrap,15,15,0,0,1,35,10.2,400.0,400.0,0.11541004687499996,0.20988358671875001,0.0698003495703125,0,
15,bootstrap,15,15,0,0,1,36,10.5,399.33,400.0,0.11541004687499996,0.20988358671875001,0.0698003495703125,0,
15,bootstrap,15,15,0,0,1,37,10.799999999999999,400.67,400.0,0.11541004687499996,0.20988358671875001,0.0698003495703125,0,
15,bootstrap,15,15,0,0,1,38,11.1,398.67,400.0,0.11541004687499996,0.20988358671875001,0.0698003495703125,0,
15,bootstrap,15,15,0,0,1,39,11.4,400.33,400.0,0.11541004687499996,0.20988358671875001,0.0698003495703125,0,
15,bootstrap,15,15,0,0,2,1,0.0,366.33,400.0,0.11541004687499996,0.20988358671875001,0.0698003495703125,0,
15,bootstrap,15,15,0,0,2,2,0.3,400.0,400.0,0.11541004687499996,0.20988358671875001,0.0698003495703125,0,
15,bootstrap,15,15,0,0,2,3,0.6,383.67,400.0,0.11541004687499996,0.20988358671875001,0.0698003495703125,0,
15,bootstrap,15,15,0,0,2,4,0.8999999999999999,401.67,400.0,0.11541004687499996,0.20988358671875001,0.0698003495703125,0,
15,bootstrap,15,15,0,0,2,5,1.2,394.0,400.0,0.11541004687499996,0.20988358671875001,0.0698003495703125,0,
15,bootstrap,15,15,0,0,2,6,1.5,401.0,400.0,0.11541004687499996,0.20988358671875001,0.0698003495703125,0,
15,bootstrap,15,15,0,0,2,7,1.7999999999999998,399.33,400.0,0.11541004687499996,0.20988358671875001,0.0698003495703125,0,
15,bootstrap,15,15,0,0,2,8,2.1,399.0,400.0,0.11541004687499996,0.20988358671875001,0.0698003495703125,0,
15,bootstrap,15,15,0,0,2,9,2.4,401.33,400.0,0.11541004687499996,0.20988358671875001,0.0698003495703125,0,
15,bootstrap,15,15,0,0,2,10,2.6999999999999997,398.67,400.0,0.11541004687499996,0.20988358671875001,0.0698003495703125,0,
15,bootstrap,15,15,0,0,2,11,3.0,401.0,400.0,0.11541004687499996,0.20988358671875001,0.0698003495703125,0,
15,bootstrap,15,15,0,0,2,12,3.3,398.0,400.0,0.11541004687499996,0.20988358671875001,0.0698003495703125,0,
15,bootstrap,15,15,0,0,2,13,3.5999999999999996,399.67,400.0,0.11541004687499996,0.20988358671875001,0.0698003495703125,0,
15,bootstrap,15,15,0,0,2,14,3.9,400.33,400.0,0.11541004687499996,0.20988358671875001,0.0698003495703125,0,
15,bootstrap,15,15,0,0,2,15,4.2,400.0,400.0,0.11541004687499996,0.20988358671875001,0.0698003495703125,0,
15,bootstrap,15,15,0,0,2,16,4.5,400.0,400.0,0.11541004687499996,0.20988358671875001,0.0698003495703125,0,
15,bootstrap,15,15,0,0,2,17,4.8,401.67,400.0,0.11541004687499996,0.20988358671875001,0.0698003495703125,0,
15,bootstrap,15,15,0,0,2,18,5.1,397.0,400.0,0.11541004687499996,0.20988358671875001,0.0698003495703125,0,
15,bootstrap,15,15,0,0,2,19,5.3999999999999995,402.33,400.0,0.11541004687499996,0.20988358671875001,0.0698003495703125,0,
15,bootstrap,15,15,0,0,2,20,5.7,399.33,400.0,0.11541004687499996,0.20988358671875001,0.0698003495703125,0,
15,bootstrap,15,15,0,0,2,21,6.0,401.0,400.0,0.11541004687499996,0.20988358671875001,0.0698003495703125,0,
15,bootstrap,15,15,0,0,2,22,6.3,397.33,400.0,0.11541004687499996,0.20988358671875001,0.0698003495703125,0,
15,bootstrap,15,15,0,0,2,23,6.6,402.67,400.0,0.11541004687499996,0.20988358671875001,0.0698003495703125,0,
15,bootstrap,15,15,0,0,2,24,6.8999999999999995,399.0,400.0,0.11541004687499996,0.20988358671875001,0.0698003495703125,0,
15,bootstrap,15,15,0,0,2,25,7.199999999999999,400.33,400.0,0.11541004687499996,0.20988358671875001,0.0698003495703125,0,
15,bootstrap,15,15,0,0,2,26,7.5,398.33,400.0,0.11541004687499996,0.20988358671875001,0.0698003495703125,0,
15,bootstrap,15,15,0,0,2,27,7.8,400.33,400.0,0.11541004687499996,0.20988358671875001,0.0698003495703125,0,
15,bootstrap,15,15,0,0,2,28,8.1,399.33,400.0,0.11541004687499996,0.20988358671875001,0.0698003495703125,0,
15,bootstrap,15,15,0,0,2,29,8.4,400.33,400.0,0.11541004687499996,0.20988358671875001,0.0698003495703125,0,
15,bootstrap,15,15,0,0,2,30,8.7,399.33,400.0,0.11541004687499996,0.20988358671875001,0.0698003495703125,0,
15,bootstrap,15,15,0,0,2,31,9.0,400.0,400.0,0.11541004687499996,0.20988358671875001,0.0698003495703125,0,
15,bootstrap,15,15,0,0,2,32,9.299999999999999,401.0,400.0,0.11541004687499996,0.20988358671875001,0.0698003495703125,0,
15,bootstrap,15,15,0,0,2,33,9.6,398.67,400.0,0.11541004687499996,0.20988358671875001,0.0698003495703125,0,
15,bootstrap,15,15,0,0,2,34,9.9,401.0,400.0,0.11541004687499996,0.20988358671875001,0.0698003495703125,0,
15,bootstrap,15,15,0,0,2,35,10.2,397.0,400.0,0.11541004687499996,0.20988358671875001,0.0698003495703125,0,
15,bootstrap,15,15,0,0,2,36,10.5,403.0,400.0,0.11541004687499996,0.20988358671875001,0.0698003495703125,0,
15,bootstrap,15,15,0,0,2,37,10.799999999999999,396.67,400.0,0.11541004687499996,0.20988358671875001,0.0698003495703125,0,
15,bootstrap,15,15,0,0,2,38,11.1,401.0,400.0,0.11541004687499996,0.20988358671875001,0.0698003495703125,0,
15,bootstrap,15,15,0,0,2,39,11.4,397.67,400.0,0.11541004687499996,0.20988358671875001,0.0698003495703125,0,
15,bootstrap,15,15,0,0,3,1,0.0,360.67,400.0,0.11541004687499996,0.20988358671875001,0.0698003495703125,0,
15,bootstrap,15,15,0,0,3,2,0.3,401.67,400.0,0.11541004687499996,0.20988358671875001,0.0698003495703125,0,
15,bootstrap,15,15,0,0,3,3,0.6,380.0,400.0,0.11541004687499996,0.20988358671875001,0.0698003495703125,0,
15,bootstrap,15,15,0,0,3,4,0.8999999999999999,405.0,400.0,0.11541004687499996,0.20988358671875001,0.0698003495703125,0,
15,bootstrap,15,15,0,0,3,5,1.2,392.33,400.0,0.11541004687499996,0.20988358671875001,0.0698003495703125,0,
15,bootstrap,15,15,0,0,3,6,1.5,402.0,400.0,0.11541004687499996,0.20988358671875001,0.0698003495703125,0,
15,bootstrap,15,15,0,0,3,7,1.7999999999999998,398.67,400.0,0.11541004687499996,0.20988358671875001,0.0698003495703125,0,
15,bootstrap,15,15,0,0,3,8,2.1,399.0,400.0,0.11541004687499996,0.20988358671875001,0.0698003495703125,0,
15,bootstrap,15,15,0,0,3,9,2.4,398.67,400.0,0.11541004687499996,0.20988358671875001,0.0698003495703125,0,
15,bootstrap,15,15,0,0,3,10,2.6999999999999997,401.0,400.0,0.11541004687499996,0.20988358671875001,0.0698003495703125,0,
15,bootstrap,15,15,0,0,3,11,3.0,399.33,400.0,0.11541004687499996,0.20988358671875001,0.0698003495703125,0,
15,bootstrap,15,15,0,0,3,12,3.3,401.0,400.0,0.11541004687499996,0.20988358671875001,0.0698003495703125,0,
15,bootstrap,15,15,0,0,3,13,3.5999999999999996,397.33,400.0,0.11541004687499996,0.20988358671875001,0.0698003495703125,0,
15,bootstrap,15,15,0,0,3,14,3.9,403.0,400.0,0.11541004687499996,0.20988358671875001,0.0698003495703125,0,
15,bootstrap,15,15,0,0,3,15,4.2,397.67,400.0,0.11541004687499996,0.20988358671875001,0.0698003495703125,0,
15,bootstrap,15,15,0,0,3,16,4.5,400.33,400.0,0.11541004687499996,0.20988358671875001,0.0698003495703125,0,
15,bootstrap,15,15,0,0,3,17,4.8,398.67,400.0,0.11541004687499996,0.20988358671875001,0.0698003495703125,0,
15,bootstrap,15,15,0,0,3,18,5.1,401.33,400.0,0.11541004687499996,0.20988358671875001,0.0698003495703125,0,
15,bootstrap,15,15,0,0,3,19,5.3999999999999995,400.0,400.0,0.11541004687499996,0.20988358671875001,0.0698003495703125,0,
15,bootstrap,15,15,0,0,3,20,5.7,399.0,400.0,0.11541004687499996,0.20988358671875001,0.0698003495703125,0,
15,bootstrap,15,15,0,0,3,21,6.0,400.0,400.0,0.11541004687499996,0.20988358671875001,0.0698003495703125,0,
15,bootstrap,15,15,0,0,3,22,6.3,398.0,400.0,0.11541004687499996,0.20988358671875001,0.0698003495703125,0,
15,bootstrap,15,15,0,0,3,23,6.6,402.33,400.0,0.11541004687499996,0.20988358671875001,0.0698003495703125,0,
15,bootstrap,15,15,0,0,3,24,6.8999999999999995,398.0,400.0,0.11541004687499996,0.20988358671875001,0.0698003495703125,0,
15,bootstrap,15,15,0,0,3,25,7.199999999999999,401.33,400.0,0.11541004687499996,0.20988358671875001,0.0698003495703125,0,
15,bootstrap,15,15,0,0,3,26,7.5,399.67,400.0,0.11541004687499996,0.20988358671875001,0.0698003495703125,0,
15,bootstrap,15,15,0,0,3,27,7.8,400.0,400.0,0.11541004687499996,0.20988358671875001,0.0698003495703125,0,
15,bootstrap,15,15,0,0,3,28,8.1,399.0,400.0,0.11541004687499996,0.20988358671875001,0.0698003495703125,0,
15,bootstrap,15,15,0,0,3,29,8.4,399.0,400.0,0.11541004687499996,0.20988358671875001,0.0698003495703125,0,
15,bootstrap,15,15,0,0,3,30,8.7,401.33,400.0,0.11541004687499996,0.20988358671875001,0.0698003495703125,0,
15,bootstrap,15,15,0,0,3,31,9.0,398.67,400.0,0.11541004687499996,0.20988358671875001,0.0698003495703125,0,
15,bootstrap,15,15,0,0,3,32,9.299999999999999,401.0,400.0,0.11541004687499996,0.20988358671875001,0.0698003495703125,0,
15,bootstrap,15,15,0,0,3,33,9.6,399.67,400.0,0.11541004687499996,0.20988358671875001,0.0698003495703125,0,
15,bootstrap,15,15,0,0,3,34,9.9,398.0,400.0,0.11541004687499996,0.20988358671875001,0.0698003495703125,0,
15,bootstrap,15,15,0,0,3,35,10.2,400.67,400.0,0.11541004687499996,0.20988358671875001,0.0698003495703125,0,
15,bootstrap,15,15,0,0,3,36,10.5,399.0,400.0,0.11541004687499996,0.20988358671875001,0.0698003495703125,0,
15,bootstrap,15,15,0,0,3,37,10.799999999999999,400.0,400.0,0.11541004687499996,0.20988358671875001,0.0698003495703125,0,
15,bootstrap,15,15,0,0,3,38,11.1,399.67,400.0,0.11541004687499996,0.20988358671875001,0.0698003495703125,0,
15,bootstrap,15,15,0,0,3,39,11.4,398.0,400.0,0.11541004687499996,0.20988358671875001,0.0698003495703125,0,
16,bootstrap,16,16,0,0,1,1,0.0,356.33,400.0,0.11541004687499996,0.20988358671875001,0.0301996504296875,0,
16,bootstrap,16,16,0,0,1,2,0.3,395.0,400.0,0.11541004687499996,0.20988358671875001,0.0301996504296875,0,
16,bootstrap,16,16,0,0,1,3,0.6,389.33,400.0,0.11541004687499996,0.20988358671875001,0.0301996504296875,0,
16,bootstrap,16,16,0,0,1,4,0.8999999999999999,395.33,400.0,0.11541004687499996,0.20988358671875001,0.0301996504296875,0,
16,bootstrap,16,16,0,0,1,5,1.2,398.0,400.0,0.11541004687499996,0.20988358671875001,0.0301996504296875,0,
16,bootstrap,16,16,0,0,1,6,1.5,398.33,400.0,0.11541004687499996,0.20988358671875001,0.0301996504296875,0,
16,bootstrap,16,16,0,0,1,7,1.7999999999999998,401.0,400.0,0.11541004687499996,0.20988358671875001,0.0301996504296875,0,
16,bootstrap,16,16,0,0,1,8,2.1,397.33,400.0,0.11541004687499996,0.20988358671875001,0.0301996504296875,0,
16,bootstrap,16,16,0,0,1,9,2.4,400.67,400.0,0.11541004687499996,0.20988358671875001,0.0301996504296875,0,
16,bootstrap,16,16,0,0,1,10,2.6999999999999997,400.0,400.0,0.11541004687499996,0.20988358671875001,0.0301996504296875,0,
16,bootstrap,16,16,0,0,1,11,3.0,400.0,400.0,0.11541004687499996,0.20988358671875001,0.0301996504296875,0,
16,bootstrap,16,16,0,0,1,12,3.3,400.33,400.0,0.11541004687499996,0.20988358671875001,0.0301996504296875,0,
16,bootstrap,16,16,0,0,1,13,3.5999999999999996,399.33,400.0,0.11541004687499996,0.20988358671875001,0.0301996504296875,0,
16,bootstrap,16,16,0,0,1,14,3.9,400.0,400.0,0.11541004687499996,0.20988358671875001,0.0301996504296875,0,
16,bootstrap,16,16,0,0,1,15,4.2,398.0,400.0,0.11541004687499996,0.20988358671875001,0.0301996504296875,0,
16,bootstrap,16,16,0,0,1,16,4.5,401.67,400.0,0.11541004687499996,0.20988358671875001,0.0301996504296875,0,
16,bootstrap,16,16,0,0,1,17,4.8,398.67,400.0,0.11541004687499996,0.20988358671875001,0.0301996504296875,0,
16,bootstrap,16,16,0,0,1,18,5.1,399.33,400.0,0.11541004687499996,0.20988358671875001,0.0301996504296875,0,
16,bootstrap,16,16,0,0,1,19,5.3999999999999995,401.0,400.0,0.11541004687499996,0.20988358671875001,0.0301996504296875,0,
16,bootstrap,16,16,0,0,1,20,5.7,398.67,400.0,0.11541004687499996,0.20988358671875001,0.0301996504296875,0,
16,bootstrap,16,16,0,0,1,21,6.0,398.67,400.0,0.11541004687499996,0.20988358671875001,0.0301996504296875,0,
16,bootstrap,16,16,0,0,1,22,6.3,400.33,400.0,0.11541004687499996,0.20988358671875001,0.0301996504296875,0,
16,bootstrap,16,16,0,0,1,23,6.6,399.0,400.0,0.11541004687499996,0.20988358671875001,0.0301996504296875,0,
16,bootstrap,16,16,0,0,1,24,6.8999999999999995,400.0,400.0,0.11541004687499996,0.20988358671875001,0.0301996504296875,0,
16,bootstrap,16,16,0,0,1,25,7.199999999999999,401.33,400.0,0.11541004687499996,0.20988358671875001,0.0301996504296875,0,
16,bootstrap,16,16,0,0,1,26,7.5,399.67,400.0,0.11541004687499996,0.20988358671875001,0.0301996504296875,0,
16,bootstrap,16,16,0,0,1,27,7.8,399.33,400.0,0.11541004687499996,0.20988358671875001,0.0301996504296875,0,
16,bootstrap,16,16,0,0,1,28,8.1,400.0,400.0,0.11541004687499996,0.20988358671875001,0.0301996504296875,0,
16,bootstrap,16,16,0,0,1,29,8.4,399.33,400.0,0.11541004687499996,0.20988358671875001,0.0301996504296875,0,
16,bootstrap,16,16,0,0,1,30,8.7,399.0,400.0,0.11541004687499996,0.20988358671875001,0.0301996504296875,0,
16,bootstrap,16,16,0,0,1,31,9.0,400.0,400.0,0.11541004687499996,0.20988358671875001,0.0301996504296875,0,
16,bootstrap,16,16,0,0,1,32,9.299999999999999,398.33,400.0,0.11541004687499996,0.20988358671875001,0.0301996504296875,0,
16,bootstrap,16,16,0,0,1,33,9.6,400.33,400.0,0.11541004687499996,0.20988358671875001,0.0301996504296875,0,
16,bootstrap,16,16,0,0,1,34,9.9,399.33,400.0,0.11541004687499996,0.20988358671875001,0.0301996504296875,0,
16,bootstrap,16,16,0,0,1,35,10.2,401.0,400.0,0.11541004687499996,0.20988358671875001,0.0301996504296875,0,
16,bootstrap,16,16,0,0,1,36,10.5,398.0,400.0,0.11541004687499996,0.20988358671875001,0.0301996504296875,0,
16,bootstrap,16,16,0,0,1,37,10.799999999999999,402.0,400.0,0.11541004687499996,0.20988358671875001,0.0301996504296875,0,
16,bootstrap,16,16,0,0,1,38,11.1,398.33,400.0,0.11541004687499996,0.20988358671875001,0.0301996504296875,0,
16,bootstrap,16,16,0,0,1,39,11.4,399.33,400.0,0.11541004687499996,0.20988358671875001,0.0301996504296875,0,
16,bootstrap,16,16,0,0,2,1,0.0,354.33,400.0,0.11541004687499996,0.20988358671875001,0.0301996504296875,0,
16,bootstrap,16,16,0,0,2,2,0.3,392.67,400.0,0.11541004687499996,0.20988358671875001,0.0301996504296875,0,
16,bootstrap,16,16,0,0,2,3,0.6,385.67,400.0,0.11541004687499996,0.20988358671875001,0.0301996504296875,0,
16,bootstrap,16,16,0,0,2,4,0.8999999999999999,395.67,400.0,0.11541004687499996,0.20988358671875001,0.0301996504296875,0,
16,bootstrap,16,16,0,0,2,5,1.2,395.67,400.0,0.11541004687499996,0.20988358671875001,0.0301996504296875,0,
16,bootstrap,16,16,0,0,2,6,1.5,397.33,400.0,0.11541004687499996,0.20988358671875001,0.0301996504296875,0,
16,bootstrap,16,16,0,0,2,7,1.7999999999999998,399.33,400.0,0.11541004687499996,0.20988358671875001,0.0301996504296875,0,
16,bootstrap,16,16,0,0,2,8,2.1,400.33,400.0,0.11541004687499996,0.20988358671875001,0.0301996504296875,0,
16,bootstrap,16,16,0,0,2,9,2.4,400.33,400.0,0.11541004687499996,0.20988358671875001,0.0301996504296875,0,
16,bootstrap,16,16,0,0,2,10,2.6999999999999997,399.33,400.0,0.11541004687499996,0.20988358671875001,0.0301996504296875,0,
16,bootstrap,16,16,0,0,2,11,3.0,399.67,400.0,0.11541004687499996,0.20988358671875001,0.0301996504296875,0,
16,bootstrap,16,16,0,0,2,12,3.3,401.0,400.0,0.11541004687499996,0.20988358671875001,0.0301996504296875,0,
16,bootstrap,16,16,0,0,2,13,3.5999999999999996,398.33,400.0,0.11541004687499996,0.20988358671875001,0.0301996504296875,0,
16,bootstrap,16,16,0,0,2,14,3.9,402.67,400.0,0.11541004687499996,0.20988358671875001,0.0301996504296875,0,
16,bootstrap,16,16,0,0,2,15,4.2,398.67,400.0,0.11541004687499996,0.20988358671875001,0.0301996504296875,0,
16,bootstrap,16,16,0,0,2,16,4.5,402.33,400.0,0.11541004687499996,0.20988358671875001,0.0301996504296875,0,
16,bootstrap,16,16,0,0,2,17,4.8,399.0,400.0,0.11541004687499996,0.20988358671875001,0.0301996504296875,0,
16,bootstrap,16,16,0,0,2,18,5.1,400.33,400.0,0.11541004687499996,0.20988358671875001,0.0301996504296875,0,
16,bootstrap,16,16,0,0,2,19,5.3999999999999995,400.0,400.0,0.11541004687499996,0.20988358671875001,0.0301996504296875,0,
16,bootstrap,16,16,0,0,2,20,5.7,399.0,400.0,0.11541004687499996,0.20988358671875001,0.0301996504296875,0,
16,bootstrap,16,16,0,0,2,21,6.0,402.67,400.0,0.11541004687499996,0.20988358671875001,0.0301996504296875,0,
16,bootstrap,16,16,0,0,2,22,6.3,399.67,400.0,0.11541004687499996,0.20988358671875001,0.0301996504296875,0,
16,bootstrap,16,16,0,0,2,23,6.6,400.0,400.0,0.11541004687499996,0.20988358671875001,0.0301996504296875,0,
16,bootstrap,16,16,0,0,2,24,6.8999999999999995,401.0,400.0,0.11541004687499996,0.20988358671875001,0.0301996504296875,0,
16,bootstrap,16,16,0,0,2,25,7.199999999999999,400.0,400.0,0.11541004687499996,0.20988358671875001,0.0301996504296875,0,
16,bootstrap,16,16,0,0,2,26,7.5,400.0,400.0,0.11541004687499996,0.20988358671875001,0.0301996504296875,0,
16,bootstrap,16,16,0,0,2,27,7.8,399.33,400.0,0.11541004687499996,0.20988358671875001,0.0301996504296875,0,
16,bootstrap,16,16,0,0,2,28,8.1,401.0,400.0,0.11541004687499996,0.20988358671875001,0.0301996504296875,0,
16,bootstrap,16,16,0,0,2,29,8.4,398.67,400.0,0.11541004687499996,0.20988358671875001,0.0301996504296875,0,
16,bootstrap,16,16,0,0,2,30,8.7,401.0,400.0,0.11541004687499996,0.20988358671875001,0.0301996504296875,0,
16,bootstrap,16,16,0,0,2,31,9.0,401.33,400.0,0.11541004687499996,0.20988358671875001,0.0301996504296875,0,
16,bootstrap,16,16,0,0,2,32,9.299999999999999,399.67,400.0,0.11541004687499996,0.20988358671875001,0.0301996504296875,0,
16,bootstrap,16,16,0,0,2,33,9.6,402.0,400.0,0.11541004687499996,0.20988358671875001,0.0301996504296875,0,
16,bootstrap,16,16,0,0,2,34,9.9,399.33,400.0,0.11541004687499996,0.20988358671875001,0.0301996504296875,0,
16,bootstrap,16,16,0,0,2,35,10.2,401.0,400.0,0.11541004687499996,0.20988358671875001,0.0301996504296875,0,
16,bootstrap,16,16,0,0,2,36,10.5,399.33,400.0,0.11541004687499996,0.20988358671875001,0.0301996504296875,0,
16,bootstrap,16,16,0,0,2,37,10.799999999999999,401.33,400.0,0.11541004687499996,0.20988358671875001,0.0301996504296875,0,
16,bootstrap,16,16,0,0,2,38,11.1,400.0,400.0,0.11541004687499996,0.20988358671875001,0.0301996504296875,0,
16,bootstrap,16,16,0,0,2,39,11.4,400.33,400.0,0.11541004687499996,0.20988358671875001,0.0301996504296875,0,
16,bootstrap,16,16,0,0,3,1,0.0,360.0,400.0,0.11541004687499996,0.20988358671875001,0.0301996504296875,0,
16,bootstrap,16,16,0,0,3,2,0.3,392.33,400.0,0.11541004687499996,0.20988358671875001,0.0301996504296875,0,
16,bootstrap,16,16,0,0,3,3,0.6,391.0,400.0,0.11541004687499996,0.20988358671875001,0.0301996504296875,0,
16,bootstrap,16,16,0,0,3,4,0.8999999999999999,395.33,400.0,0.11541004687499996,0.20988358671875001,0.0301996504296875,0,
16,bootstrap,16,16,0,0,3,5,1.2,398.33,400.0,0.11541004687499996,0.20988358671875001,0.0301996504296875,0,
16,bootstrap,16,16,0,0,3,6,1.5,396.33,400.0,0.11541004687499996,0.20988358671875001,0.0301996504296875,0,
16,bootstrap,16,16,0,0,3,7,1.7999999999999998,400.67,400.0,0.11541004687499996,0.20988358671875001,0.0301996504296875,0,
16,bootstrap,16,16,0,0,3,8,2.1,398.67,400.0,0.11541004687499996,0.20988358671875001,0.0301996504296875,0,
16,bootstrap,16,16,0,0,3,9,2.4,400.67,400.0,0.11541004687499996,0.20988358671875001,0.0301996504296875,0,
16,bootstrap,16,16,0,0,3,10,2.6999999999999997,400.67,400.0,0.11541004687499996,0.20988358671875001,0.0301996504296875,0,
16,bootstrap,16,16,0,0,3,11,3.0,399.67,400.0,0.11541004687499996,0.20988358671875001,0.0301996504296875,0,
16,bootstrap,16,16,0,0,3,12,3.3,400.33,400.0,0.11541004687499996,0.20988358671875001,0.0301996504296875,0,
16,bootstrap,16,16,0,0,3,13,3.5999999999999996,400.0,400.0,0.11541004687499996,0.20988358671875001,0.0301996504296875,0,
16,bootstrap,16,16,0,0,3,14,3.9,400.0,400.0,0.11541004687499996,0.20988358671875001,0.0301996504296875,0,
16,bootstrap,16,16,0,0,3,15,4.2,399.33,400.0,0.11541004687499996,0.20988358671875001,0.0301996504296875,0,
16,bootstrap,16,16,0,0,3,16,4.5,400.0,400.0,0.11541004687499996,0.20988358671875001,0.0301996504296875,0,
16,bootstrap,16,16,0,0,3,17,4.8,400.0,400.0,0.11541004687499996,0.20988358671875001,0.0301996504296875,0,
16,bootstrap,16,16,0,0,3,18,5.1,401.67,400.0,0.11541004687499996,0.20988358671875001,0.0301996504296875,0,
16,bootstrap,16,16,0,0,3,19,5.3999999999999995,400.33,400.0,0.11541004687499996,0.20988358671875001,0.0301996504296875,0,
16,bootstrap,16,16,0,0,3,20,5.7,399.0,400.0,0.11541004687499996,0.20988358671875001,0.0301996504296875,0,
16,bootstrap,16,16,0,0,3,21,6.0,400.67,400.0,0.11541004687499996,0.20988358671875001,0.0301996504296875,0,
16,bootstrap,16,16,0,0,3,22,6.3,400.33,400.0,0.11541004687499996,0.20988358671875001,0.0301996504296875,0,
16,bootstrap,16,16,0,0,3,23,6.6,400.33,400.0,0.11541004687499996,0.20988358671875001,0.0301996504296875,0,
16,bootstrap,16,16,0,0,3,24,6.8999999999999995,401.67,400.0,0.11541004687499996,0.20988358671875001,0.0301996504296875,0,
16,bootstrap,16,16,0,0,3,25,7.199999999999999,400.0,400.0,0.11541004687499996,0.20988358671875001,0.0301996504296875,0,
16,bootstrap,16,16,0,0,3,26,7.5,400.33,400.0,0.11541004687499996,0.20988358671875001,0.0301996504296875,0,
16,bootstrap,16,16,0,0,3,27,7.8,399.67,400.0,0.11541004687499996,0.20988358671875001,0.0301996504296875,0,
16,bootstrap,16,16,0,0,3,28,8.1,400.0,400.0,0.11541004687499996,0.20988358671875001,0.0301996504296875,0,
16,bootstrap,16,16,0,0,3,29,8.4,400.67,400.0,0.11541004687499996,0.20988358671875001,0.0301996504296875,0,
16,bootstrap,16,16,0,0,3,30,8.7,400.33,400.0,0.11541004687499996,0.20988358671875001,0.0301996504296875,0,
16,bootstrap,16,16,0,0,3,31,9.0,398.0,400.0,0.11541004687499996,0.20988358671875001,0.0301996504296875,0,
16,bootstrap,16,16,0,0,3,32,9.299999999999999,400.33,400.0,0.11541004687499996,0.20988358671875001,0.0301996504296875,0,
16,bootstrap,16,16,0,0,3,33,9.6,403.0,400.0,0.11541004687499996,0.20988358671875001,0.0301996504296875,0,
16,bootstrap,16,16,0,0,3,34,9.9,399.33,400.0,0.11541004687499996,0.20988358671875001,0.0301996504296875,0,
16,bootstrap,16,16,0,0,3,35,10.2,399.0,400.0,0.11541004687499996,0.20988358671875001,0.0301996504296875,0,
16,bootstrap,16,16,0,0,3,36,10.5,402.0,400.0,0.11541004687499996,0.20988358671875001,0.0301996504296875,0,
16,bootstrap,16,16,0,0,3,37,10.799999999999999,398.67,400.0,0.11541004687499996,0.20988358671875001,0.0301996504296875,0,
16,bootstrap,16,16,0,0,3,38,11.1,401.0,400.0,0.11541004687499996,0.20988358671875001,0.0301996504296875,0,
16,bootstrap,16,16,0,0,3,39,11.4,400.0,400.0,0.11541004687499996,0.20988358671875001,0.0301996504296875,0,
17,bootstrap,17,17,0,0,2,1,0.0,377.0,400.0,0.11541004687499996,0.20988358671875001,0.0698003495703125,0,
17,bootstrap,17,17,0,0,2,2,0.3,396.33,400.0,0.11541004687499996,0.20988358671875001,0.0698003495703125,0,
17,bootstrap,17,17,0,0,2,3,0.6,389.67,400.0,0.11541004687499996,0.20988358671875001,0.0698003495703125,0,
17,bootstrap,17,17,0,0,2,4,0.8999999999999999,398.33,400.0,0.11541004687499996,0.20988358671875001,0.0698003495703125,0,
17,bootstrap,17,17,0,0,2,5,1.2,396.33,400.0,0.11541004687499996,0.20988358671875001,0.0698003495703125,0,
17,bootstrap,17,17,0,0,2,6,1.5,400.67,400.0,0.11541004687499996,0.20988358671875001,0.0698003495703125,0,
17,bootstrap,17,17,0,0,2,7,1.7999999999999998,398.33,400.0,0.11541004687499996,0.20988358671875001,0.0698003495703125,0,
17,bootstrap,17,17,0,0,2,8,2.1,401.0,400.0,0.11541004687499996,0.20988358671875001,0.0698003495703125,0,
17,bootstrap,17,17,0,0,2,9,2.4,396.33,400.0,0.11541004687499996,0.20988358671875001,0.0698003495703125,0,
17,bootstrap,17,17,0,0,2,10,2.6999999999999997,400.0,400.0,0.11541004687499996,0.20988358671875001,0.0698003495703125,0,
17,bootstrap,17,17,0,0,2,11,3.0,398.67,400.0,0.11541004687499996,0.20988358671875001,0.0698003495703125,0,
17,bootstrap,17,17,0,0,2,12,3.3,401.67,400.0,0.11541004687499996,0.20988358671875001,0.0698003495703125,0,
17,bootstrap,17,17,0,0,2,13,3.5999999999999996,397.0,400.0,0.11541004687499996,0.20988358671875001,0.0698003495703125,0,
17,bootstrap,17,17,0,0,2,14,3.9,401.0,400.0,0.11541004687499996,0.20988358671875001,0.0698003495703125,0,
17,bootstrap,17,17,0,0,2,15,4.2,398.67,400.0,0.11541004687499996,0.20988358671875001,0.0698003495703125,0,
17,bootstrap,17,17,0,0,2,16,4.5,399.0,400.0,0.11541004687499996,0.20988358671875001,0.0698003495703125,0,
17,bootstrap,17,17,0,0,2,17,4.8,401.33,400.0,0.11541004687499996,0.20988358671875001,0.0698003495703125,0,
17,bootstrap,17,17,0,0,2,18,5.1,397.0,400.0,0.11541004687499996,0.20988358671875001,0.0698003495703125,0,
17,bootstrap,17,17,0,0,2,19,5.3999999999999995,401.33,400.0,0.11541004687499996,0.20988358671875001,0.0698003495703125,0,
17,bootstrap,17,17,0,0,2,20,5.7,397.33,400.0,0.11541004687499996,0.20988358671875001,0.0698003495703125,0,
17,bootstrap,17,17,0,0,2,21,6.0,400.0,400.0,0.11541004687499996,0.20988358671875001,0.0698003495703125,0,
17,bootstrap,17,17,0,0,2,22,6.3,399.33,400.0,0.11541004687499996,0.20988358671875001,0.0698003495703125,0,
17,bootstrap,17,17,0,0,2,23,6.6,400.33,400.0,0.11541004687499996,0.20988358671875001,0.0698003495703125,0,
17,bootstrap,17,17,0,0,2,24,6.8999999999999995,401.67,400.0,0.11541004687499996,0.20988358671875001,0.0698003495703125,0,
17,bootstrap,17,17,0,0,2,25,7.199999999999999,398.67,400.0,0.11541004687499996,0.20988358671875001,0.0698003495703125,0,
17,bootstrap,17,17,0,0,2,26,7.5,403.0,400.0,0.11541004687499996,0.20988358671875001,0.0698003495703125,0,
17,bootstrap,17,17,0,0,2,27,7.8,397.0,400.0,0.11541004687499996,0.20988358671875001,0.0698003495703125,0,
17,bootstrap,17,17,0,0,2,28,8.1,400.0,400.0,0.11541004687499996,0.20988358671875001,0.0698003495703125,0,
17,bootstrap,17,17,0,0,2,29,8.4,400.0,400.0,0.11541004687499996,0.20988358671875001,0.0698003495703125,0,
17,bootstrap,17,17,0,0,2,30,8.7,399.0,400.0,0.11541004687499996,0.20988358671875001,0.0698003495703125,0,
17,bootstrap,17,17,0,0,2,31,9.0,400.0,400.0,0.11541004687499996,0.20988358671875001,0.0698003495703125,0,
17,bootstrap,17,17,0,0,2,32,9.299999999999999,399.0,400.0,0.11541004687499996,0.20988358671875001,0.0698003495703125,0,
17,bootstrap,17,17,0,0,2,33,9.6,399.67,400.0,0.11541004687499996,0.20988358671875001,0.0698003495703125,0,
17,bootstrap,17,17,0,0,2,34,9.9,400.67,400.0,0.11541004687499996,0.20988358671875001,0.0698003495703125,0,
17,bootstrap,17,17,0,0,2,35,10.2,399.33,400.0,0.11541004687499996,0.20988358671875001,0.0698003495703125,0,
17,bootstrap,17,17,0,0,2,36,10.5,398.67,400.0,0.11541004687499996,0.20988358671875001,0.0698003495703125,0,
17,bootstrap,17,17,0,0,2,37,10.799999999999999,403.33,400.0,0.11541004687499996,0.20988358671875001,0.0698003495703125,0,
17,bootstrap,17,17,0,0,2,38,11.1,398.0,400.0,0.11541004687499996,0.20988358671875001,0.0698003495703125,0,
17,bootstrap,17,17,0,0,2,39,11.4,401.0,400.0,0.11541004687499996,0.20988358671875001,0.0698003495703125,0,
17,bootstrap,17,17,0,0,3,1,0.0,368.0,400.0,0.11541004687499996,0.20988358671875001,0.0698003495703125,0,
17,bootstrap,17,17,0,0,3,2,0.3,400.0,400.0,0.11541004687499996,0.20988358671875001,0.0698003495703125,0,
17,bootstrap,17,17,0,0,3,3,0.6,383.67,400.0,0.11541004687499996,0.20988358671875001,0.0698003495703125,0,
17,bootstrap,17,17,0,0,3,4,0.8999999999999999,402.0,400.0,0.11541004687499996,0.20988358671875001,0.0698003495703125,0,
17,bootstrap,17,17,0,0,3,5,1.2,393.33,400.0,0.11541004687499996,0.20988358671875001,0.0698003495703125,0,
17,bootstrap,17,17,0,0,3,6,1.5,402.67,400.0,0.11541004687499996,0.20988358671875001,0.0698003495703125,0,
17,bootstrap,17,17,0,0,3,7,1.7999999999999998,397.0,400.0,0.11541004687499996,0.20988358671875001,0.0698003495703125,0,
17,bootstrap,17,17,0,0,3,8,2.1,399.67,400.0,0.11541004687499996,0.20988358671875001,0.0698003495703125,0,
17,bootstrap,17,17,0,0,3,9,2.4,399.67,400.0,0.11541004687499996,0.20988358671875001,0.0698003495703125,0,
17,bootstrap,17,17,0,0,3,10,2.6999999999999997,400.33,400.0,0.11541004687499996,0.20988358671875001,0.0698003495703125,0,
17,bootstrap,17,17,0,0,3,11,3.0,400.33,400.0,0.11541004687499996,0.20988358671875001,0.0698003495703125,0,
17,bootstrap,17,17,0,0,3,12,3.3,398.33,400.0,0.11541004687499996,0.20988358671875001,0.0698003495703125,0,
17,bootstrap,17,17,0,0,3,13,3.5999999999999996,400.67,400.0,0.11541004687499996,0.20988358671875001,0.0698003495703125,0,
17,bootstrap,17,17,0,0,3,14,3.9,400.33,400.0,0.11541004687499996,0.20988358671875001,0.0698003495703125,0,
17,bootstrap,17,17,0,0,3,15,4.2,399.67,400.0,0.11541004687499996,0.20988358671875001,0.0698003495703125,0,
17,bootstrap,17,17,0,0,3,16,4.5,401.33,400.0,0.11541004687499996,0.20988358671875001,0.0698003495703125,0,
17,bootstrap,17,17,0,0,3,17,4.8,400.33,400.0,0.11541004687499996,0.20988358671875001,0.0698003495703125,0,
17,bootstrap,17,17,0,0,3,18,5.1,399.33,400.0,0.11541004687499996,0.20988358671875001,0.0698003495703125,0,
17,bootstrap,17,17,0,0,3,19,5.3999999999999995,401.0,400.0,0.11541004687499996,0.20988358671875001,0.0698003495703125,0,
17,bootstrap,17,17,0,0,3,20,5.7,398.33,400.0,0.11541004687499996,0.20988358671875001,0.0698003495703125,0,
17,bootstrap,17,17,0,0,3,21,6.0,400.67,400.0,0.11541004687499996,0.20988358671875001,0.0698003495703125,0,
17,bootstrap,17,17,0,0,3,22,6.3,399.33,400.0,0.11541004687499996,0.20988358671875001,0.0698003495703125,0,
17,bootstrap,17,17,0,0,3,23,6.6,400.67,400.0,0.11541004687499996,0.20988358671875001,0.0698003495703125,0,
17,bootstrap,17,17,0,0,3,24,6.8999999999999995,400.0,400.0,0.11541004687499996,0.20988358671875001,0.0698003495703125,0,
17,bootstrap,17,17,0,0,3,25,7.199999999999999,401.33,400.0,0.11541004687499996,0.20988358671875001,0.0698003495703125,0,
17,bootstrap,17,17,0,0,3,26,7.5,398.33,400.0,0.11541004687499996,0.20988358671875001,0.0698003495703125,0,
17,bootstrap,17,17,0,0,3,27,7.8,400.67,400.0,0.11541004687499996,0.20988358671875001,0.0698003495703125,0,
17,bootstrap,17,17,0,0,3,28,8.1,398.67,400.0,0.11541004687499996,0.20988358671875001,0.0698003495703125,0,
17,bootstrap,17,17,0,0,3,29,8.4,401.67,400.0,0.11541004687499996,0.20988358671875001,0.0698003495703125,0,
17,bootstrap,17,17,0,0,3,30,8.7,398.33,400.0,0.11541004687499996,0.20988358671875001,0.0698003495703125,0,
17,bootstrap,17,17,0,0,3,31,9.0,401.67,400.0,0.11541004687499996,0.20988358671875001,0.0698003495703125,0,
17,bootstrap,17,17,0,0,3,32,9.299999999999999,398.67,400.0,0.11541004687499996,0.20988358671875001,0.0698003495703125,0,
17,bootstrap,17,17,0,0,3,33,9.6,401.0,400.0,0.11541004687499996,0.20988358671875001,0.0698003495703125,0,
17,bootstrap,17,17,0,0,3,34,9.9,400.67,400.0,0.11541004687499996,0.20988358671875001,0.0698003495703125,0,
17,bootstrap,17,17,0,0,3,35,10.2,398.67,400.0,0.11541004687499996,0.20988358671875001,0.0698003495703125,0,
17,bootstrap,17,17,0,0,3,36,10.5,403.33,400.0,0.11541004687499996,0.20988358671875001,0.0698003495703125,0,
17,bootstrap,17,17,0,0,3,37,10.799999999999999,397.67,400.0,0.11541004687499996,0.20988358671875001,0.0698003495703125,0,
17,bootstrap,17,17,0,0,3,38,11.1,400.33,400.0,0.11541004687499996,0.20988358671875001,0.0698003495703125,0,
17,bootstrap,17,17,0,0,3,39,11.4,399.67,400.0,0.11541004687499996,0.20988358671875001,0.0698003495703125,0,
18,bootstrap,18,18,0,0,2,1,0.0,379.67,400.0,0.11541004687499996,0.20988358671875001,0.0301996504296875,0,
18,bootstrap,18,18,0,0,2,2,0.3,395.67,400.0,0.11541004687499996,0.20988358671875001,0.0301996504296875,0,
18,bootstrap,18,18,0,0,2,3,0.6,393.67,400.0,0.11541004687499996,0.20988358671875001,0.0301996504296875,0,
18,bootstrap,18,18,0,0,2,4,0.8999999999999999,397.67,400.0,0.11541004687499996,0.20988358671875001,0.0301996504296875,0,
18,bootstrap,18,18,0,0,2,5,1.2,397.0,400.0,0.11541004687499996,0.20988358671875001,0.0301996504296875,0,
18,bootstrap,18,18,0,0,2,6,1.5,399.67,400.0,0.11541004687499996,0.20988358671875001,0.0301996504296875,0,
18,bootstrap,18,18,0,0,2,7,1.7999999999999998,398.67,400.0,0.11541004687499996,0.20988358671875001,0.0301996504296875,0,
18,bootstrap,18,18,0,0,2,8,2.1,401.33,400.0,0.11541004687499996,0.20988358671875001,0.0301996504296875,0,
18,bootstrap,18,18,0,0,2,9,2.4,399.0,400.0,0.11541004687499996,0.20988358671875001,0.0301996504296875,0,
18,bootstrap,18,18,0,0,2,10,2.6999999999999997,399.33,400.0,0.11541004687499996,0.20988358671875001,0.0301996504296875,0,
18,bootstrap,18,18,0,0,2,11,3.0,398.33,400.0,0.11541004687499996,0.20988358671875001,0.0301996504296875,0,
18,bootstrap,18,18,0,0,2,12,3.3,401.33,400.0,0.11541004687499996,0.20988358671875001,0.0301996504296875,0,
18,bootstrap,18,18,0,0,2,13,3.5999999999999996,397.67,400.0,0.11541004687499996,0.20988358671875001,0.0301996504296875,0,
18,bootstrap,18,18,0,0,2,14,3.9,400.67,400.0,0.11541004687499996,0.20988358671875001,0.0301996504296875,0,
18,bootstrap,18,18,0,0,2,15,4.2,398.0,400.0,0.11541004687499996,0.20988358671875001,0.0301996504296875,0,
18,bootstrap,18,18,0,0,2,16,4.5,399.67,400.0,0.11541004687499996,0.20988358671875001,0.0301996504296875,0,
18,bootstrap,18,18,0,0,2,17,4.8,399.33,400.0,0.11541004687499996,0.20988358671875001,0.0301996504296875,0,
18,bootstrap,18,18,0,0,2,18,5.1,400.67,400.0,0.11541004687499996,0.20988358671875001,0.0301996504296875,0,
18,bootstrap,18,18,0,0,2,19,5.3999999999999995,399.0,400.0,0.11541004687499996,0.20988358671875001,0.0301996504296875,0,
18,bootstrap,18,18,0,0,2,20,5.7,399.67,400.0,0.11541004687499996,0.20988358671875001,0.0301996504296875,0,
18,bootstrap,18,18,0,0,2,21,6.0,399.33,400.0,0.11541004687499996,0.20988358671875001,0.0301996504296875,0,
18,bootstrap,18,18,0,0,2,22,6.3,400.0,400.0,0.11541004687499996,0.20988358671875001,0.0301996504296875,0,
18,bootstrap,18,18,0,0,2,23,6.6,398.33,400.0,0.11541004687499996,0.20988358671875001,0.0301996504296875,0,
18,bootstrap,18,18,0,0,2,24,6.8999999999999995,401.67,400.0,0.11541004687499996,0.20988358671875001,0.0301996504296875,0,
18,bootstrap,18,18,0,0,2,25,7.199999999999999,398.67,400.0,0.11541004687499996,0.20988358671875001,0.0301996504296875,0,
18,bootstrap,18,18,0,0,2,26,7.5,400.33,400.0,0.11541004687499996,0.20988358671875001,0.0301996504296875,0,
18,bootstrap,18,18,0,0,2,27,7.8,399.33,400.0,0.11541004687499996,0.20988358671875001,0.0301996504296875,0,
18,bootstrap,18,18,0,0,2,28,8.1,400.0,400.0,0.11541004687499996,0.20988358671875001,0.0301996504296875,0,
18,bootstrap,18,18,0,0,2,29,8.4,399.67,400.0,0.11541004687499996,0.20988358671875001,0.0301996504296875,0,
18,bootstrap,18,18,0,0,2,30,8.7,400.0,400.0,0.11541004687499996,0.20988358671875001,0.0301996504296875,0,
18,bootstrap,18,18,0,0,2,31,9.0,399.67,400.0,0.11541004687499996,0.20988358671875001,0.0301996504296875,0,
18,bootstrap,18,18,0,0,2,32,9.299999999999999,400.67,400.0,0.11541004687499996,0.20988358671875001,0.0301996504296875,0,
18,bootstrap,18,18,0,0,2,33,9.6,398.67,400.0,0.11541004687499996,0.20988358671875001,0.0301996504296875,0,
18,bootstrap,18,18,0,0,2,34,9.9,400.0,400.0,0.11541004687499996,0.20988358671875001,0.0301996504296875,0,
18,bootstrap,18,18,0,0,2,35,10.2,401.67,400.0,0.11541004687499996,0.20988358671875001,0.0301996504296875,0,
18,bootstrap,18,18,0,0,2,36,10.5,400.33,400.0,0.11541004687499996,0.20988358671875001,0.0301996504296875,0,
18,bootstrap,18,18,0,0,2,37,10.799999999999999,397.67,400.0,0.11541004687499996,0.20988358671875001,0.0301996504296875,0,
18,bootstrap,18,18,0,0,2,38,11.1,400.67,400.0,0.11541004687499996,0.20988358671875001,0.0301996504296875,0,
18,bootstrap,18,18,0,0,2,39,11.4,399.0,400.0,0.11541004687499996,0.20988358671875001,0.0301996504296875,0,
18,bootstrap,18,18,0,0,3,1,0.0,370.33,400.0,0.11541004687499996,0.20988358671875001,0.0301996504296875,0,
18,bootstrap,18,18,0,0,3,2,0.3,396.67,400.0,0.11541004687499996,0.20988358671875001,0.0301996504296875,0,
18,bootstrap,18,18,0,0,3,3,0.6,391.33,400.0,0.11541004687499996,0.20988358671875001,0.0301996504296875,0,
18,bootstrap,18,18,0,0,3,4,0.8999999999999999,397.33,400.0,0.11541004687499996,0.20988358671875001,0.0301996504296875,0,
18,bootstrap,18,18,0,0,3,5,1.2,399.33,400.0,0.11541004687499996,0.20988358671875001,0.0301996504296875,0,
18,bootstrap,18,18,0,0,3,6,1.5,398.67,400.0,0.11541004687499996,0.20988358671875001,0.0301996504296875,0,
18,bootstrap,18,18,0,0,3,7,1.7999999999999998,398.67,400.0,0.11541004687499996,0.20988358671875001,0.0301996504296875,0,
18,bootstrap,18,18,0,0,3,8,2.1,400.0,400.0,0.11541004687499996,0.20988358671875001,0.0301996504296875,0,
18,bootstrap,18,18,0,0,3,9,2.4,399.0,400.0,0.11541004687499996,0.20988358671875001,0.0301996504296875,0,
18,bootstrap,18,18,0,0,3,10,2.6999999999999997,401.0,400.0,0.11541004687499996,0.20988358671875001,0.0301996504296875,0,
18,bootstrap,18,18,0,0,3,11,3.0,399.0,400.0,0.11541004687499996,0.20988358671875001,0.0301996504296875,0,
18,bootstrap,18,18,0,0,3,12,3.3,401.67,400.0,0.11541004687499996,0.20988358671875001,0.0301996504296875,0,
18,bootstrap,18,18,0,0,3,13,3.5999999999999996,398.67,400.0,0.11541004687499996,0.20988358671875001,0.0301996504296875,0,
18,bootstrap,18,18,0,0,3,14,3.9,400.67,400.0,0.11541004687499996,0.20988358671875001,0.0301996504296875,0,
18,bootstrap,18,18,0,0,3,15,4.2,399.33,400.0,0.11541004687499996,0.20988358671875001,0.0301996504296875,0,
18,bootstrap,18,18,0,0,3,16,4.5,400.0,400.0,0.11541004687499996,0.20988358671875001,0.0301996504296875,0,
18,bootstrap,18,18,0,0,3,17,4.8,401.0,400.0,0.11541004687499996,0.20988358671875001,0.0301996504296875,0,
18,bootstrap,18,18,0,0,3,18,5.1,398.67,400.0,0.11541004687499996,0.20988358671875001,0.0301996504296875,0,
18,bootstrap,18,18,0,0,3,19,5.3999999999999995,400.33,400.0,0.11541004687499996,0.20988358671875001,0.0301996504296875,0,
18,bootstrap,18,18,0,0,3,20,5.7,400.67,400.0,0.11541004687499996,0.20988358671875001,0.0301996504296875,0,
18,bootstrap,18,18,0,0,3,21,6.0,400.33,400.0,0.11541004687499996,0.20988358671875001,0.0301996504296875,0,
18,bootstrap,18,18,0,0,3,22,6.3,398.67,400.0,0.11541004687499996,0.20988358671875001,0.0301996504296875,0,
18,bootstrap,18,18,0,0,3,23,6.6,400.0,400.0,0.11541004687499996,0.20988358671875001,0.0301996504296875,0,
18,bootstrap,18,18,0,0,3,24,6.8999999999999995,399.67,400.0,0.11541004687499996,0.20988358671875001,0.0301996504296875,0,
18,bootstrap,18,18,0,0,3,25,7.199999999999999,400.0,400.0,0.11541004687499996,0.20988358671875001,0.0301996504296875,0,
18,bootstrap,18,18,0,0,3,26,7.5,401.33,400.0,0.11541004687499996,0.20988358671875001,0.0301996504296875,0,
18,bootstrap,18,18,0,0,3,27,7.8,398.67,400.0,0.11541004687499996,0.20988358671875001,0.0301996504296875,0,
18,bootstrap,18,18,0,0,3,28,8.1,400.33,400.0,0.11541004687499996,0.20988358671875001,0.0301996504296875,0,
18,bootstrap,18,18,0,0,3,29,8.4,400.33,400.0,0.11541004687499996,0.20988358671875001,0.0301996504296875,0,
18,bootstrap,18,18,0,0,3,30,8.7,400.67,400.0,0.11541004687499996,0.20988358671875001,0.0301996504296875,0,
18,bootstrap,18,18,0,0,3,31,9.0,401.0,400.0,0.11541004687499996,0.20988358671875001,0.0301996504296875,0,
18,bootstrap,18,18,0,0,3,32,9.299999999999999,397.67,400.0,0.11541004687499996,0.20988358671875001,0.0301996504296875,0,
18,bootstrap,18,18,0,0,3,33,9.6,400.33,400.0,0.11541004687499996,0.20988358671875001,0.0301996504296875,0,
18,bootstrap,18,18,0,0,3,34,9.9,401.33,400.0,0.11541004687499996,0.20988358671875001,0.0301996504296875,0,
18,bootstrap,18,18,0,0,3,35,10.2,398.33,400.0,0.11541004687499996,0.20988358671875001,0.0301996504296875,0,
18,bootstrap,18,18,0,0,3,36,10.5,400.0,400.0,0.11541004687499996,0.20988358671875001,0.0301996504296875,0,
18,bootstrap,18,18,0,0,3,37,10.799999999999999,400.67,400.0,0.11541004687499996,0.20988358671875001,0.0301996504296875,0,
18,bootstrap,18,18,0,0,3,38,11.1,400.33,400.0,0.11541004687499996,0.20988358671875001,0.0301996504296875,0,
18,bootstrap,18,18,0,0,3,39,11.4,400.33,400.0,0.11541004687499996,0.20988358671875001,0.0301996504296875,0,
19,bootstrap,19,19,0,0,1,1,0.0,374.0,400.0,0.11541004687499996,0.20988358671875001,0.0698003495703125,0,
19,bootstrap,19,19,0,0,1,2,0.3,396.67,400.0,0.11541004687499996,0.20988358671875001,0.0698003495703125,0,
19,bootstrap,19,19,0,0,1,3,0.6,388.0,400.0,0.11541004687499996,0.20988358671875001,0.0698003495703125,0,
19,bootstrap,19,19,0,0,1,4,0.8999999999999999,401.0,400.0,0.11541004687499996,0.20988358671875001,0.0698003495703125,0,
19,bootstrap,19,19,0,0,1,5,1.2,395.33,400.0,0.11541004687499996,0.20988358671875001,0.0698003495703125,0,
19,bootstrap,19,19,0,0,1,6,1.5,402.33,400.0,0.11541004687499996,0.20988358671875001,0.0698003495703125,0,
19,bootstrap,19,19,0,0,1,7,1.7999999999999998,397.0,400.0,0.11541004687499996,0.20988358671875001,0.0698003495703125,0,
19,bootstrap,19,19,0,0,1,8,2.1,401.0,400.0,0.11541004687499996,0.20988358671875001,0.0698003495703125,0,
19,bootstrap,19,19,0,0,1,9,2.4,400.0,400.0,0.11541004687499996,0.20988358671875001,0.0698003495703125,0,
19,bootstrap,19,19,0,0,1,10,2.6999999999999997,400.33,400.0,0.11541004687499996,0.20988358671875001,0.0698003495703125,0,
19,bootstrap,19,19,0,0,1,11,3.0,399.33,400.0,0.11541004687499996,0.20988358671875001,0.0698003495703125,0,
19,bootstrap,19,19,0,0,1,12,3.3,400.67,400.0,0.11541004687499996,0.20988358671875001,0.0698003495703125,0,
19,bootstrap,19,19,0,0,1,13,3.5999999999999996,400.67,400.0,0.11541004687499996,0.20988358671875001,0.0698003495703125,0,
19,bootstrap,19,19,0,0,1,14,3.9,398.67,400.0,0.11541004687499996,0.20988358671875001,0.0698003495703125,0,
19,bootstrap,19,19,0,0,1,15,4.2,400.0,400.0,0.11541004687499996,0.20988358671875001,0.0698003495703125,0,
19,bootstrap,19,19,0,0,1,16,4.5,398.33,400.0,0.11541004687499996,0.20988358671875001,0.0698003495703125,0,
19,bootstrap,19,19,0,0,1,17,4.8,399.67,400.0,0.11541004687499996,0.20988358671875001,0.0698003495703125,0,
19,bootstrap,19,19,0,0,1,18,5.1,401.0,400.0,0.11541004687499996,0.20988358671875001,0.0698003495703125,0,
19,bootstrap,19,19,0,0,1,19,5.3999999999999995,400.0,400.0,0.11541004687499996,0.20988358671875001,0.0698003495703125,0,
19,bootstrap,19,19,0,0,1,20,5.7,400.33,400.0,0.11541004687499996,0.20988358671875001,0.0698003495703125,0,
19,bootstrap,19,19,0,0,1,21,6.0,399.33,400.0,0.11541004687499996,0.20988358671875001,0.0698003495703125,0,
19,bootstrap,19,19,0,0,1,22,6.3,401.0,400.0,0.11541004687499996,0.20988358671875001,0.0698003495703125,0,
19,bootstrap,19,19,0,0,1,23,6.6,398.0,400.0,0.11541004687499996,0.20988358671875001,0.0698003495703125,0,
19,bootstrap,19,19,0,0,1,24,6.8999999999999995,400.0,400.0,0.11541004687499996,0.20988358671875001,0.0698003495703125,0,
19,bootstrap,19,19,0,0,1,25,7.199999999999999,400.67,400.0,0.11541004687499996,0.20988358671875001,0.0698003495703125,0,
19,bootstrap,19,19,0,0,1,26,7.5,400.0,400.0,0.11541004687499996,0.20988358671875001,0.0698003495703125,0,
19,bootstrap,19,19,0,0,1,27,7.8,399.67,400.0,0.11541004687499996,0.20988358671875001,0.0698003495703125,0,
19,bootstrap,19,19,0,0,1,28,8.1,399.67,400.0,0.11541004687499996,0.20988358671875001,0.0698003495703125,0,
19,bootstrap,19,19,0,0,1,29,8.4,400.33,400.0,0.11541004687499996,0.20988358671875001,0.0698003495703125,0,
19,bootstrap,19,19,0,0,1,30,8.7,399.0,400.0,0.11541004687499996,0.20988358671875001,0.0698003495703125,0,
19,bootstrap,19,19,0,0,1,31,9.0,400.0,400.0,0.11541004687499996,0.20988358671875001,0.0698003495703125,0,
19,bootstrap,19,19,0,0,1,32,9.299999999999999,400.67,400.0,0.11541004687499996,0.20988358671875001,0.0698003495703125,0,
19,bootstrap,19,19,0,0,1,33,9.6,400.0,400.0,0.11541004687499996,0.20988358671875001,0.0698003495703125,0,
19,bootstrap,19,19,0,0,1,34,9.9,399.67,400.0,0.11541004687499996,0.20988358671875001,0.0698003495703125,0,
19,bootstrap,19,19,0,0,1,35,10.2,400.67,400.0,0.11541004687499996,0.20988358671875001,0.0698003495703125,0,
19,bootstrap,19,19,0,0,1,36,10.5,400.67,400.0,0.11541004687499996,0.20988358671875001,0.0698003495703125,0,
19,bootstrap,19,19,0,0,1,37,10.799999999999999,398.67,400.0,0.11541004687499996,0.20988358671875001,0.0698003495703125,0,
19,bootstrap,19,19,0,0,1,38,11.1,401.67,400.0,0.11541004687499996,0.20988358671875001,0.0698003495703125,0,
19,bootstrap,19,19,0,0,1,39,11.4,400.67,400.0,0.11541004687499996,0.20988358671875001,0.0698003495703125,0,
19,bootstrap,19,19,0,0,2,1,0.0,369.33,400.0,0.11541004687499996,0.20988358671875001,0.0698003495703125,0,
19,bootstrap,19,19,0,0,2,2,0.3,401.67,400.0,0.11541004687499996,0.20988358671875001,0.0698003495703125,0,
19,bootstrap,19,19,0,0,2,3,0.6,385.33,400.0,0.11541004687499996,0.20988358671875001,0.0698003495703125,0,
19,bootstrap,19,19,0,0,2,4,0.8999999999999999,401.0,400.0,0.11541004687499996,0.20988358671875001,0.0698003495703125,0,
19,bootstrap,19,19,0,0,2,5,1.2,396.67,400.0,0.11541004687499996,0.20988358671875001,0.0698003495703125,0,
19,bootstrap,19,19,0,0,2,6,1.5,401.0,400.0,0.11541004687499996,0.20988358671875001,0.0698003495703125,0,
19,bootstrap,19,19,0,0,2,7,1.7999999999999998,399.0,400.0,0.11541004687499996,0.20988358671875001,0.0698003495703125,0,
19,bootstrap,19,19,0,0,2,8,2.1,400.33,400.0,0.11541004687499996,0.20988358671875001,0.0698003495703125,0,
19,bootstrap,19,19,0,0,2,9,2.4,399.33,400.0,0.11541004687499996,0.20988358671875001,0.0698003495703125,0,
19,bootstrap,19,19,0,0,2,10,2.6999999999999997,400.0,400.0,0.11541004687499996,0.20988358671875001,0.0698003495703125,0,
19,bootstrap,19,19,0,0,2,11,3.0,399.33,400.0,0.11541004687499996,0.20988358671875001,0.0698003495703125,0,
19,bootstrap,19,19,0,0,2,12,3.3,401.0,400.0,0.11541004687499996,0.20988358671875001,0.0698003495703125,0,
19,bootstrap,19,19,0,0,2,13,3.5999999999999996,400.0,400.0,0.11541004687499996,0.20988358671875001,0.0698003495703125,0,
19,bootstrap,19,19,0,0,2,14,3.9,399.33,400.0,0.11541004687499996,0.20988358671875001,0.0698003495703125,0,
19,bootstrap,19,19,0,0,2,15,4.2,399.67,400.0,0.11541004687499996,0.20988358671875001,0.0698003495703125,0,
19,bootstrap,19,19,0,0,2,16,4.5,400.0,400.0,0.11541004687499996,0.20988358671875001,0.0698003495703125,0,
19,bootstrap,19,19,0,0,2,17,4.8,398.67,400.0,0.11541004687499996,0.20988358671875001,0.0698003495703125,0,
19,bootstrap,19,19,0,0,2,18,5.1,401.33,400.0,0.11541004687499996,0.20988358671875001,0.0698003495703125,0,
19,bootstrap,19,19,0,0,2,19,5.3999999999999995,399.33,400.0,0.11541004687499996,0.20988358671875001,0.0698003495703125,0,
19,bootstrap,19,19,0,0,2,20,5.7,400.67,400.0,0.11541004687499996,0.20988358671875001,0.0698003495703125,0,
19,bootstrap,19,19,0,0,2,21,6.0,398.67,400.0,0.11541004687499996,0.20988358671875001,0.0698003495703125,0,
19,bootstrap,19,19,0,0,2,22,6.3,403.0,400.0,0.11541004687499996,0.20988358671875001,0.0698003495703125,0,
19,bootstrap,19,19,0,0,2,23,6.6,399.0,400.0,0.11541004687499996,0.20988358671875001,0.0698003495703125,0,
19,bootstrap,19,19,0,0,2,24,6.8999999999999995,401.0,400.0,0.11541004687499996,0.20988358671875001,0.0698003495703125,0,
19,bootstrap,19,19,0,0,2,25,7.199999999999999,397.33,400.0,0.11541004687499996,0.20988358671875001,0.0698003495703125,0,
19,bootstrap,19,19,0,0,2,26,7.5,401.33,400.0,0.11541004687499996,0.20988358671875001,0.0698003495703125,0,
19,bootstrap,19,19,0,0,2,27,7.8,398.67,400.0,0.11541004687499996,0.20988358671875001,0.0698003495703125,0,
19,bootstrap,19,19,0,0,2,28,8.1,401.0,400.0,0.11541004687499996,0.20988358671875001,0.0698003495703125,0,
19,bootstrap,19,19,0,0,2,29,8.4,399.33,400.0,0.11541004687499996,0.20988358671875001,0.0698003495703125,0,
19,bootstrap,19,19,0,0,2,30,8.7,400.0,400.0,0.11541004687499996,0.20988358671875001,0.0698003495703125,0,
19,bootstrap,19,19,0,0,2,31,9.0,399.0,400.0,0.11541004687499996,0.20988358671875001,0.0698003495703125,0,
19,bootstrap,19,19,0,0,2,32,9.299999999999999,400.0,400.0,0.11541004687499996,0.20988358671875001,0.0698003495703125,0,
19,bootstrap,19,19,0,0,2,33,9.6,402.33,400.0,0.11541004687499996,0.20988358671875001,0.0698003495703125,0,
19,bootstrap,19,19,0,0,2,34,9.9,399.0,400.0,0.11541004687499996,0.20988358671875001,0.0698003495703125,0,
19,bootstrap,19,19,0,0,2,35,10.2,401.33,400.0,0.11541004687499996,0.20988358671875001,0.0698003495703125,0,
19,bootstrap,19,19,0,0,2,36,10.5,398.0,400.0,0.11541004687499996,0.20988358671875001,0.0698003495703125,0,
19,bootstrap,19,19,0,0,2,37,10.799999999999999,400.33,400.0,0.11541004687499996,0.20988358671875001,0.0698003495703125,0,
19,bootstrap,19,19,0,0,2,38,11.1,400.0,400.0,0.11541004687499996,0.20988358671875001,0.0698003495703125,0,
19,bootstrap,19,19,0,0,2,39,11.4,399.67,400.0,0.11541004687499996,0.20988358671875001,0.0698003495703125,0,
19,bootstrap,19,19,0,0,3,1,0.0,369.0,400.0,0.11541004687499996,0.20988358671875001,0.0698003495703125,0,
19,bootstrap,19,19,0,0,3,2,0.3,402.33,400.0,0.11541004687499996,0.20988358671875001,0.0698003495703125,0,
19,bootstrap,19,19,0,0,3,3,0.6,384.0,400.0,0.11541004687499996,0.20988358671875001,0.0698003495703125,0,
19,bootstrap,19,19,0,0,3,4,0.8999999999999999,403.33,400.0,0.11541004687499996,0.20988358671875001,0.0698003495703125,0,
19,bootstrap,19,19,0,0,3,5,1.2,393.0,400.0,0.11541004687499996,0.20988358671875001,0.0698003495703125,0,
19,bootstrap,19,19,0,0,3,6,1.5,402.33,400.0,0.11541004687499996,0.20988358671875001,0.0698003495703125,0,
19,bootstrap,19,19,0,0,3,7,1.7999999999999998,398.67,400.0,0.11541004687499996,0.20988358671875001,0.0698003495703125,0,
19,bootstrap,19,19,0,0,3,8,2.1,400.0,400.0,0.11541004687499996,0.20988358671875001,0.0698003495703125,0,
19,bootstrap,19,19,0,0,3,9,2.4,400.33,400.0,0.11541004687499996,0.20988358671875001,0.0698003495703125,0,
19,bootstrap,19,19,0,0,3,10,2.6999999999999997,399.67,400.0,0.11541004687499996,0.20988358671875001,0.0698003495703125,0,
19,bootstrap,19,19,0,0,3,11,3.0,400.33,400.0,0.11541004687499996,0.20988358671875001,0.0698003495703125,0,
19,bootstrap,19,19,0,0,3,12,3.3,399.67,400.0,0.11541004687499996,0.20988358671875001,0.0698003495703125,0,
19,bootstrap,19,19,0,0,3,13,3.5999999999999996,401.0,400.0,0.11541004687499996,0.20988358671875001,0.0698003495703125,0,
19,bootstrap,19,19,0,0,3,14,3.9,399.67,400.0,0.11541004687499996,0.20988358671875001,0.0698003495703125,0,
19,bootstrap,19,19,0,0,3,15,4.2,400.0,400.0,0.11541004687499996,0.20988358671875001,0.0698003495703125,0,
19,bootstrap,19,19,0,0,3,16,4.5,399.67,400.0,0.11541004687499996,0.20988358671875001,0.0698003495703125,0,
19,bootstrap,19,19,0,0,3,17,4.8,400.33,400.0,0.11541004687499996,0.20988358671875001,0.0698003495703125,0,
19,bootstrap,19,19,0,0,3,18,5.1,399.33,400.0,0.11541004687499996,0.20988358671875001,0.0698003495703125,0,
19,bootstrap,19,19,0,0,3,19,5.3999999999999995,399.67,400.0,0.11541004687499996,0.20988358671875001,0.0698003495703125,0,
19,bootstrap,19,19,0,0,3,20,5.7,399.0,400.0,0.11541004687499996,0.20988358671875001,0.0698003495703125,0,
19,bootstrap,19,19,0,0,3,21,6.0,400.67,400.0,0.11541004687499996,0.20988358671875001,0.0698003495703125,0,
19,bootstrap,19,19,0,0,3,22,6.3,401.0,400.0,0.11541004687499996,0.20988358671875001,0.0698003495703125,0,
19,bootstrap,19,19,0,0,3,23,6.6,398.0,400.0,0.11541004687499996,0.20988358671875001,0.0698003495703125,0,
19,bootstrap,19,19,0,0,3,24,6.8999999999999995,401.67,400.0,0.11541004687499996,0.20988358671875001,0.0698003495703125,0,
19,bootstrap,19,19,0,0,3,25,7.199999999999999,398.33,400.0,0.11541004687499996,0.20988358671875001,0.0698003495703125,0,
19,bootstrap,19,19,0,0,3,26,7.5,401.67,400.0,0.11541004687499996,0.20988358671875001,0.0698003495703125,0,
19,bootstrap,19,19,0,0,3,27,7.8,399.33,400.0,0.11541004687499996,0.20988358671875001,0.0698003495703125,0,
19,bootstrap,19,19,0,0,3,28,8.1,398.67,400.0,0.11541004687499996,0.20988358671875001,0.0698003495703125,0,
19,bootstrap,19,19,0,0,3,29,8.4,401.33,400.0,0.11541004687499996,0.20988358671875001,0.0698003495703125,0,
19,bootstrap,19,19,0,0,3,30,8.7,400.0,400.0,0.11541004687499996,0.20988358671875001,0.0698003495703125,0,
19,bootstrap,19,19,0,0,3,31,9.0,400.67,400.0,0.11541004687499996,0.20988358671875001,0.0698003495703125,0,
19,bootstrap,19,19,0,0,3,32,9.299999999999999,400.33,400.0,0.11541004687499996,0.20988358671875001,0.0698003495703125,0,
19,bootstrap,19,19,0,0,3,33,9.6,401.0,400.0,0.11541004687499996,0.20988358671875001,0.0698003495703125,0,
19,bootstrap,19,19,0,0,3,34,9.9,399.0,400.0,0.11541004687499996,0.20988358671875001,0.0698003495703125,0,
19,bootstrap,19,19,0,0,3,35,10.2,399.67,400.0,0.11541004687499996,0.20988358671875001,0.0698003495703125,0,
19,bootstrap,19,19,0,0,3,36,10.5,399.0,400.0,0.11541004687499996,0.20988358671875001,0.0698003495703125,0,
19,bootstrap,19,19,0,0,3,37,10.799999999999999,399.67,400.0,0.11541004687499996,0.20988358671875001,0.0698003495703125,0,
19,bootstrap,19,19,0,0,3,38,11.1,399.0,400.0,0.11541004687499996,0.20988358671875001,0.0698003495703125,0,
19,bootstrap,19,19,0,0,3,39,11.4,401.33,400.0,0.11541004687499996,0.20988358671875001,0.0698003495703125,0,
20,optimisation,1,19,1,0,1,1,0.0,370.67,400.0,0.056008998164062476,0.20988358671875001,0.05,0,
20,optimisation,1,19,1,0,1,2,0.3,393.33,400.0,0.056008998164062476,0.20988358671875001,0.05,0,
20,optimisation,1,19,1,0,1,3,0.6,390.33,400.0,0.056008998164062476,0.20988358671875001,0.05,0,
20,optimisation,1,19,1,0,1,4,0.8999999999999999,398.33,400.0,0.056008998164062476,0.20988358671875001,0.05,0,
20,optimisation,1,19,1,0,1,5,1.2,400.33,400.0,0.056008998164062476,0.20988358671875001,0.05,0,
20,optimisation,1,19,1,0,1,6,1.5,401.0,400.0,0.056008998164062476,0.20988358671875001,0.05,0,
20,optimisation,1,19,1,0,1,7,1.7999999999999998,398.67,400.0,0.056008998164062476,0.20988358671875001,0.05,0,
20,optimisation,1,19,1,0,1,8,2.1,400.67,400.0,0.056008998164062476,0.20988358671875001,0.05,0,
20,optimisation,1,19,1,0,1,9,2.4,401.33,400.0,0.056008998164062476,0.20988358671875001,0.05,0,
20,optimisation,1,19,1,0,1,10,2.6999999999999997,400.33,400.0,0.056008998164062476,0.20988358671875001,0.05,0,
20,optimisation,1,19,1,0,1,11,3.0,398.67,400.0,0.056008998164062476,0.20988358671875001,0.05,0,
20,optimisation,1,19,1,0,1,12,3.3,400.33,400.0,0.056008998164062476,0.20988358671875001,0.05,0,
20,optimisation,1,19,1,0,1,13,3.5999999999999996,398.67,400.0,0.056008998164062476,0.20988358671875001,0.05,0,
20,optimisation,1,19,1,0,1,14,3.9,400.67,400.0,0.056008998164062476,0.20988358671875001,0.05,0,
20,optimisation,1,19,1,0,1,15,4.2,398.0,400.0,0.056008998164062476,0.20988358671875001,0.05,0,
20,optimisation,1,19,1,0,1,16,4.5,401.33,400.0,0.056008998164062476,0.20988358671875001,0.05,0,
20,optimisation,1,19,1,0,1,17,4.8,399.0,400.0,0.056008998164062476,0.20988358671875001,0.05,0,
20,optimisation,1,19,1,0,1,18,5.1,400.67,400.0,0.056008998164062476,0.20988358671875001,0.05,0,
20,optimisation,1,19,1,0,1,19,5.3999999999999995,399.0,400.0,0.056008998164062476,0.20988358671875001,0.05,0,
20,optimisation,1,19,1,0,1,20,5.7,401.0,400.0,0.056008998164062476,0.20988358671875001,0.05,0,
20,optimisation,1,19,1,0,1,21,6.0,398.67,400.0,0.056008998164062476,0.20988358671875001,0.05,0,
20,optimisation,1,19,1,0,1,22,6.3,400.0,400.0,0.056008998164062476,0.20988358671875001,0.05,0,
20,optimisation,1,19,1,0,1,23,6.6,399.67,400.0,0.056008998164062476,0.20988358671875001,0.05,0,
20,optimisation,1,19,1,0,1,24,6.8999999999999995,399.0,400.0,0.056008998164062476,0.20988358671875001,0.05,0,
20,optimisation,1,19,1,0,1,25,7.199999999999999,400.0,400.0,0.056008998164062476,0.20988358671875001,0.05,0,
20,optimisation,1,19,1,0,1,26,7.5,400.67,400.0,0.056008998164062476,0.20988358671875001,0.05,0,
20,optimisation,1,19,1,0,1,27,7.8,398.0,400.0,0.056008998164062476,0.20988358671875001,0.05,0,
20,optimisation,1,19,1,0,1,28,8.1,402.67,400.0,0.056008998164062476,0.20988358671875001,0.05,0,
20,optimisation,1,19,1,0,1,29,8.4,399.33,400.0,0.056008998164062476,0.20988358671875001,0.05,0,
20,optimisation,1,19,1,0,1,30,8.7,401.0,400.0,0.056008998164062476,0.20988358671875001,0.05,0,
20,optimisation,1,19,1,0,1,31,9.0,398.33,400.0,0.056008998164062476,0.20988358671875001,0.05,0,
20,optimisation,1,19,1,0,1,32,9.299999999999999,399.33,400.0,0.056008998164062476,0.20988358671875001,0.05,0,
20,optimisation,1,19,1,0,1,33,9.6,400.0,400.0,0.056008998164062476,0.20988358671875001,0.05,0,
20,optimisation,1,19,1,0,1,34,9.9,399.33,400.0,0.056008998164062476,0.20988358671875001,0.05,0,
20,optimisation,1,19,1,0,1,35,10.2,401.67,400.0,0.056008998164062476,0.20988358671875001,0.05,0,
20,optimisation,1,19,1,0,1,36,10.5,398.0,400.0,0.056008998164062476,0.20988358671875001,0.05,0,
20,optimisation,1,19,1,0,1,37,10.799999999999999,403.0,400.0,0.056008998164062476,0.20988358671875001,0.05,0,
20,optimisation,1,19,1,0,1,38,11.1,397.33,400.0,0.056008998164062476,0.20988358671875001,0.05,0,
20,optimisation,1,19,1,0,1,39,11.4,400.0,400.0,0.056008998164062476,0.20988358671875001,0.05,0,
20,optimisation,1,19,1,0,2,1,0.0,367.0,400.0,0.056008998164062476,0.20988358671875001,0.05,0,
20,optimisation,1,19,1,0,2,2,0.3,394.33,400.0,0.056008998164062476,0.20988358671875001,0.05,0,
20,optimisation,1,19,1,0,2,3,0.6,391.33,400.0,0.056008998164062476,0.20988358671875001,0.05,0,
20,optimisation,1,19,1,0,2,4,0.8999999999999999,398.33,400.0,0.056008998164062476,0.20988358671875001,0.05,0,
20,optimisation,1,19,1,0,2,5,1.2,398.0,400.0,0.056008998164062476,0.20988358671875001,0.05,0,
20,optimisation,1,19,1,0,2,6,1.5,399.33,400.0,0.056008998164062476,0.20988358671875001,0.05,0,
20,optimisation,1,19,1,0,2,7,1.7999999999999998,401.0,400.0,0.056008998164062476,0.20988358671875001,0.05,0,
20,optimisation,1,19,1,0,2,8,2.1,399.0,400.0,0.056008998164062476,0.20988358671875001,0.05,0,
20,optimisation,1,19,1,0,2,9,2.4,399.67,400.0,0.056008998164062476,0.20988358671875001,0.05,0,
20,optimisation,1,19,1,0,2,10,2.6999999999999997,400.0,400.0,0.056008998164062476,0.20988358671875001,0.05,0,
20,optimisation,1,19,1,0,2,11,3.0,399.67,400.0,0.056008998164062476,0.20988358671875001,0.05,0,
20,optimisation,1,19,1,0,2,12,3.3,400.0,400.0,0.056008998164062476,0.20988358671875001,0.05,0,
20,optimisation,1,19,1,0,2,13,3.5999999999999996,400.67,400.0,0.056008998164062476,0.20988358671875001,0.05,0,
20,optimisation,1,19,1,0,2,14,3.9,400.0,400.0,0.056008998164062476,0.20988358671875001,0.05,0,
20,optimisation,1,19,1,0,2,15,4.2,401.0,400.0,0.056008998164062476,0.20988358671875001,0.05,0,
20,optimisation,1,19,1,0,2,16,4.5,397.0,400.0,0.056008998164062476,0.20988358671875001,0.05,0,
20,optimisation,1,19,1,0,2,17,4.8,401.33,400.0,0.056008998164062476,0.20988358671875001,0.05,0,
20,optimisation,1,19,1,0,2,18,5.1,400.0,400.0,0.056008998164062476,0.20988358671875001,0.05,0,
20,optimisation,1,19,1,0,2,19,5.3999999999999995,399.0,400.0,0.056008998164062476,0.20988358671875001,0.05,0,
20,optimisation,1,19,1,0,2,20,5.7,400.0,400.0,0.056008998164062476,0.20988358671875001,0.05,0,
20,optimisation,1,19,1,0,2,21,6.0,400.33,400.0,0.056008998164062476,0.20988358671875001,0.05,0,
20,optimisation,1,19,1,0,2,22,6.3,400.67,400.0,0.056008998164062476,0.20988358671875001,0.05,0,
20,optimisation,1,19,1,0,2,23,6.6,398.33,400.0,0.056008998164062476,0.20988358671875001,0.05,0,
20,optimisation,1,19,1,0,2,24,6.8999999999999995,401.0,400.0,0.056008998164062476,0.20988358671875001,0.05,0,
20,optimisation,1,19,1,0,2,25,7.199999999999999,398.67,400.0,0.056008998164062476,0.20988358671875001,0.05,0,
20,optimisation,1,19,1,0,2,26,7.5,401.67,400.0,0.056008998164062476,0.20988358671875001,0.05,0,
20,optimisation,1,19,1,0,2,27,7.8,399.67,400.0,0.056008998164062476,0.20988358671875001,0.05,0,
20,optimisation,1,19,1,0,2,28,8.1,399.33,400.0,0.056008998164062476,0.20988358671875001,0.05,0,
20,optimisation,1,19,1,0,2,29,8.4,399.0,400.0,0.056008998164062476,0.20988358671875001,0.05,0,
20,optimisation,1,19,1,0,2,30,8.7,400.33,400.0,0.056008998164062476,0.20988358671875001,0.05,0,
20,optimisation,1,19,1,0,2,31,9.0,400.0,400.0,0.056008998164062476,0.20988358671875001,0.05,0,
20,optimisation,1,19,1,0,2,32,9.299999999999999,400.33,400.0,0.056008998164062476,0.20988358671875001,0.05,0,
20,optimisation,1,19,1,0,2,33,9.6,400.0,400.0,0.056008998164062476,0.20988358671875001,0.05,0,
20,optimisation,1,19,1,0,2,34,9.9,398.67,400.0,0.056008998164062476,0.20988358671875001,0.05,0,
20,optimisation,1,19,1,0,2,35,10.2,400.0,400.0,0.056008998164062476,0.20988358671875001,0.05,0,
20,optimisation,1,19,1,0,2,36,10.5,402.0,400.0,0.056008998164062476,0.20988358671875001,0.05,0,
20,optimisation,1,19,1,0,2,37,10.799999999999999,399.0,400.0,0.056008998164062476,0.20988358671875001,0.05,0,
20,optimisation,1,19,1,0,2,38,11.1,399.33,400.0,0.056008998164062476,0.20988358671875001,0.05,0,
20,optimisation,1,19,1,0,2,39,11.4,400.67,400.0,0.056008998164062476,0.20988358671875001,0.05,0,
20,optimisation,1,19,1,0,3,1,0.0,363.67,400.0,0.056008998164062476,0.20988358671875001,0.05,0,
20,optimisation,1,19,1,0,3,2,0.3,395.33,400.0,0.056008998164062476,0.20988358671875001,0.05,0,
20,optimisation,1,19,1,0,3,3,0.6,389.0,400.0,0.056008998164062476,0.20988358671875001,0.05,0,
20,optimisation,1,19,1,0,3,4,0.8999999999999999,397.67,400.0,0.056008998164062476,0.20988358671875001,0.05,0,
20,optimisation,1,19,1,0,3,5,1.2,396.67,400.0,0.056008998164062476,0.20988358671875001,0.05,0,
20,optimisation,1,19,1,0,3,6,1.5,401.67,400.0,0.056008998164062476,0.20988358671875001,0.05,0,
20,optimisation,1,19,1,0,3,7,1.7999999999999998,398.67,400.0,0.056008998164062476,0.20988358671875001,0.05,0,
20,optimisation,1,19,1,0,3,8,2.1,400.67,400.0,0.056008998164062476,0.20988358671875001,0.05,0,
20,optimisation,1,19,1,0,3,9,2.4,399.67,400.0,0.056008998164062476,0.20988358671875001,0.05,0,
20,optimisation,1,19,1,0,3,10,2.6999999999999997,400.0,400.0,0.056008998164062476,0.20988358671875001,0.05,0,
20,optimisation,1,19,1,0,3,11,3.0,400.0,400.0,0.056008998164062476,0.20988358671875001,0.05,0,
20,optimisation,1,19,1,0,3,12,3.3,398.67,400.0,0.056008998164062476,0.20988358671875001,0.05,0,
20,optimisation,1,19,1,0,3,13,3.5999999999999996,400.33,400.0,0.056008998164062476,0.20988358671875001,0.05,0,
20,optimisation,1,19,1,0,3,14,3.9,400.67,400.0,0.056008998164062476,0.20988358671875001,0.05,0,
20,optimisation,1,19,1,0,3,15,4.2,399.0,400.0,0.056008998164062476,0.20988358671875001,0.05,0,
20,optimisation,1,19,1,0,3,16,4.5,401.33,400.0,0.056008998164062476,0.20988358671875001,0.05,0,
20,optimisation,1,19,1,0,3,17,4.8,398.33,400.0,0.056008998164062476,0.20988358671875001,0.05,0,
20,optimisation,1,19,1,0,3,18,5.1,400.33,400.0,0.056008998164062476,0.20988358671875001,0.05,0,
20,optimisation,1,19,1,0,3,19,5.3999999999999995,400.0,400.0,0.056008998164062476,0.20988358671875001,0.05,0,
20,optimisation,1,19,1,0,3,20,5.7,400.0,400.0,0.056008998164062476,0.20988358671875001,0.05,0,
20,optimisation,1,19,1,0,3,21,6.0,399.67,400.0,0.056008998164062476,0.20988358671875001,0.05,0,
20,optimisation,1,19,1,0,3,22,6.3,400.0,400.0,0.056008998164062476,0.20988358671875001,0.05,0,
20,optimisation,1,19,1,0,3,23,6.6,399.67,400.0,0.056008998164062476,0.20988358671875001,0.05,0,
20,optimisation,1,19,1,0,3,24,6.8999999999999995,401.0,400.0,0.056008998164062476,0.20988358671875001,0.05,0,
20,optimisation,1,19,1,0,3,25,7.199999999999999,400.33,400.0,0.056008998164062476,0.20988358671875001,0.05,0,
20,optimisation,1,19,1,0,3,26,7.5,398.67,400.0,0.056008998164062476,0.20988358671875001,0.05,0,
20,optimisation,1,19,1,0,3,27,7.8,399.33,400.0,0.056008998164062476,0.20988358671875001,0.05,0,
20,optimisation,1,19,1,0,3,28,8.1,399.33,400.0,0.056008998164062476,0.20988358671875001,0.05,0,
20,optimisation,1,19,1,0,3,29,8.4,400.67,400.0,0.056008998164062476,0.20988358671875001,0.05,0,
20,optimisation,1,19,1,0,3,30,8.7,399.33,400.0,0.056008998164062476,0.20988358671875001,0.05,0,
20,optimisation,1,19,1,0,3,31,9.0,399.0,400.0,0.056008998164062476,0.20988358671875001,0.05,0,
20,optimisation,1,19,1,0,3,32,9.299999999999999,400.67,400.0,0.056008998164062476,0.20988358671875001,0.05,0,
20,optimisation,1,19,1,0,3,33,9.6,399.0,400.0,0.056008998164062476,0.20988358671875001,0.05,0,
20,optimisation,1,19,1,0,3,34,9.9,400.67,400.0,0.056008998164062476,0.20988358671875001,0.05,0,
20,optimisation,1,19,1,0,3,35,10.2,399.33,400.0,0.056008998164062476,0.20988358671875001,0.05,0,
20,optimisation,1,19,1,0,3,36,10.5,401.0,400.0,0.056008998164062476,0.20988358671875001,0.05,0,
20,optimisation,1,19,1,0,3,37,10.799999999999999,399.33,400.0,0.056008998164062476,0.20988358671875001,0.05,0,
20,optimisation,1,19,1,0,3,38,11.1,401.67,400.0,0.056008998164062476,0.20988358671875001,0.05,0,
20,optimisation,1,19,1,0,3,39,11.4,398.33,400.0,0.056008998164062476,0.20988358671875001,0.05,0,
21,optimisation,2,19,2,0,2,1,0.0,368.67,400.0,0.11541004687499996,0.15048253800781253,0.05,0,
21,optimisation,2,19,2,0,2,2,0.3,393.33,400.0,0.11541004687499996,0.15048253800781253,0.05,0,
21,optimisation,2,19,2,0,2,3,0.6,389.0,400.0,0.11541004687499996,0.15048253800781253,0.05,0,
21,optimisation,2,19,2,0,2,4,0.8999999999999999,395.33,400.0,0.11541004687499996,0.15048253800781253,0.05,0,
21,optimisation,2,19,2,0,2,5,1.2,396.67,400.0,0.11541004687499996,0.15048253800781253,0.05,0,
21,optimisation,2,19,2,0,2,6,1.5,398.0,400.0,0.11541004687499996,0.15048253800781253,0.05,0,
21,optimisation,2,19,2,0,2,7,1.7999999999999998,398.33,400.0,0.11541004687499996,0.15048253800781253,0.05,0,
21,optimisation,2,19,2,0,2,8,2.1,400.0,400.0,0.11541004687499996,0.15048253800781253,0.05,0,
21,optimisation,2,19,2,0,2,9,2.4,398.67,400.0,0.11541004687499996,0.15048253800781253,0.05,0,
21,optimisation,2,19,2,0,2,10,2.6999999999999997,399.33,400.0,0.11541004687499996,0.15048253800781253,0.05,0,
21,optimisation,2,19,2,0,2,11,3.0,401.0,400.0,0.11541004687499996,0.15048253800781253,0.05,0,
21,optimisation,2,19,2,0,2,12,3.3,399.33,400.0,0.11541004687499996,0.15048253800781253,0.05,0,
21,optimisation,2,19,2,0,2,13,3.5999999999999996,397.33,400.0,0.11541004687499996,0.15048253800781253,0.05,0,
21,optimisation,2,19,2,0,2,14,3.9,401.67,400.0,0.11541004687499996,0.15048253800781253,0.05,0,
21,optimisation,2,19,2,0,2,15,4.2,396.33,400.0,0.11541004687499996,0.15048253800781253,0.05,0,
21,optimisation,2,19,2,0,2,16,4.5,399.67,400.0,0.11541004687499996,0.15048253800781253,0.05,0,
21,optimisation,2,19,2,0,2,17,4.8,398.33,400.0,0.11541004687499996,0.15048253800781253,0.05,0,
21,optimisation,2,19,2,0,2,18,5.1,401.67,400.0,0.11541004687499996,0.15048253800781253,0.05,0,
21,optimisation,2,19,2,0,2,19,5.3999999999999995,398.0,400.0,0.11541004687499996,0.15048253800781253,0.05,0,
21,optimisation,2,19,2,0,2,20,5.7,401.33,400.0,0.11541004687499996,0.15048253800781253,0.05,0,
21,optimisation,2,19,2,0,2,21,6.0,398.67,400.0,0.11541004687499996,0.15048253800781253,0.05,0,
21,optimisation,2,19,2,0,2,22,6.3,400.33,400.0,0.11541004687499996,0.15048253800781253,0.05,0,
21,optimisation,2,19,2,0,2,23,6.6,398.67,400.0,0.11541004687499996,0.15048253800781253,0.05,0,
21,optimisation,2,19,2,0,2,24,6.8999999999999995,399.0,400.0,0.11541004687499996,0.15048253800781253,0.05,0,
21,optimisation,2,19,2,0,2,25,7.199999999999999,400.0,400.0,0.11541004687499996,0.15048253800781253,0.05,0,
21,optimisation,2,19,2,0,2,26,7.5,398.33,400.0,0.11541004687499996,0.15048253800781253,0.05,0,
21,optimisation,2,19,2,0,2,27,7.8,400.33,400.0,0.11541004687499996,0.15048253800781253,0.05,0,
21,optimisation,2,19,2,0,2,28,8.1,400.0,400.0,0.11541004687499996,0.15048253800781253,0.05,0,
21,optimisation,2,19,2,0,2,29,8.4,398.33,400.0,0.11541004687499996,0.15048253800781253,0.05,0,
21,optimisation,2,19,2,0,2,30,8.7,398.67,400.0,0.11541004687499996,0.15048253800781253,0.05,0,
21,optimisation,2,19,2,0,2,31,9.0,400.0,400.0,0.11541004687499996,0.15048253800781253,0.05,0,
21,optimisation,2,19,2,0,2,32,9.299999999999999,400.0,400.0,0.11541004687499996,0.15048253800781253,0.05,0,
21,optimisation,2,19,2,0,2,33,9.6,399.33,400.0,0.11541004687499996,0.15048253800781253,0.05,0,
21,optimisation,2,19,2,0,2,34,9.9,399.33,400.0,0.11541004687499996,0.15048253800781253,0.05,0,
21,optimisation,2,19,2,0,2,35,10.2,400.0,400.0,0.11541004687499996,0.15048253800781253,0.05,0,
21,optimisation,2,19,2,0,2,36,10.5,398.67,400.0,0.11541004687499996,0.15048253800781253,0.05,0,
21,optimisation,2,19,2,0,2,37,10.799999999999999,401.67,400.0,0.11541004687499996,0.15048253800781253,0.05,0,
21,optimisation,2,19,2,0,2,38,11.1,398.33,400.0,0.11541004687499996,0.15048253800781253,0.05,0,
21,optimisation,2,19,2,0,2,39,11.4,401.0,400.0,0.11541004687499996,0.15048253800781253,0.05,0,
21,optimisation,2,19,2,0,3,1,0.0,361.67,400.0,0.11541004687499996,0.15048253800781253,0.05,0,
21,optimisation,2,19,2,0,3,2,0.3,395.0,400.0,0.11541004687499996,0.15048253800781253,0.05,0,
21,optimisation,2,19,2,0,3,3,0.6,383.33,400.0,0.11541004687499996,0.15048253800781253,0.05,0,
21,optimisation,2,19,2,0,3,4,0.8999999999999999,394.33,400.0,0.11541004687499996,0.15048253800781253,0.05,0,
21,optimisation,2,19,2,0,3,5,1.2,393.33,400.0,0.11541004687499996,0.15048253800781253,0.05,0,
21,optimisation,2,19,2,0,3,6,1.5,397.67,400.0,0.11541004687499996,0.15048253800781253,0.05,0,
21,optimisation,2,19,2,0,3,7,1.7999999999999998,396.0,400.0,0.11541004687499996,0.15048253800781253,0.05,0,
21,optimisation,2,19,2,0,3,8,2.1,399.0,400.0,0.11541004687499996,0.15048253800781253,0.05,0,
21,optimisation,2,19,2,0,3,9,2.4,397.33,400.0,0.11541004687499996,0.15048253800781253,0.05,0,
21,optimisation,2,19,2,0,3,10,2.6999999999999997,400.67,400.0,0.11541004687499996,0.15048253800781253,0.05,0,
21,optimisation,2,19,2,0,3,11,3.0,398.67,400.0,0.11541004687499996,0.15048253800781253,0.05,0,
21,optimisation,2,19,2,0,3,12,3.3,401.0,400.0,0.11541004687499996,0.15048253800781253,0.05,0,
21,optimisation,2,19,2,0,3,13,3.5999999999999996,399.33,400.0,0.11541004687499996,0.15048253800781253,0.05,0,
21,optimisation,2,19,2,0,3,14,3.9,399.0,400.0,0.11541004687499996,0.15048253800781253,0.05,0,
21,optimisation,2,19,2,0,3,15,4.2,400.67,400.0,0.11541004687499996,0.15048253800781253,0.05,0,
21,optimisation,2,19,2,0,3,16,4.5,398.0,400.0,0.11541004687499996,0.15048253800781253,0.05,0,
21,optimisation,2,19,2,0,3,17,4.8,401.0,400.0,0.11541004687499996,0.15048253800781253,0.05,0,
21,optimisation,2,19,2,0,3,18,5.1,398.67,400.0,0.11541004687499996,0.15048253800781253,0.05,0,
21,optimisation,2,19,2,0,3,19,5.3999999999999995,400.33,400.0,0.11541004687499996,0.15048253800781253,0.05,0,
21,optimisation,2,19,2,0,3,20,5.7,399.33,400.0,0.11541004687499996,0.15048253800781253,0.05,0,
21,optimisation,2,19,2,0,3,21,6.0,400.0,400.0,0.11541004687499996,0.15048253800781253,0.05,0,
21,optimisation,2,19,2,0,3,22,6.3,400.67,400.0,0.11541004687499996,0.15048253800781253,0.05,0,
21,optimisation,2,19,2,0,3,23,6.6,398.67,400.0,0.11541004687499996,0.15048253800781253,0.05,0,
21,optimisation,2,19,2,0,3,24,6.8999999999999995,401.33,400.0,0.11541004687499996,0.15048253800781253,0.05,0,
21,optimisation,2,19,2,0,3,25,7.199999999999999,397.33,400.0,0.11541004687499996,0.15048253800781253,0.05,0,
21,optimisation,2,19,2,0,3,26,7.5,400.67,400.0,0.11541004687499996,0.15048253800781253,0.05,0,
21,optimisation,2,19,2,0,3,27,7.8,399.33,400.0,0.11541004687499996,0.15048253800781253,0.05,0,
21,optimisation,2,19,2,0,3,28,8.1,399.33,400.0,0.11541004687499996,0.15048253800781253,0.05,0,
21,optimisation,2,19,2,0,3,29,8.4,399.0,400.0,0.11541004687499996,0.15048253800781253,0.05,0,
21,optimisation,2,19,2,0,3,30,8.7,399.33,400.0,0.11541004687499996,0.15048253800781253,0.05,0,
21,optimisation,2,19,2,0,3,31,9.0,399.33,400.0,0.11541004687499996,0.15048253800781253,0.05,0,
21,optimisation,2,19,2,0,3,32,9.299999999999999,400.0,400.0,0.11541004687499996,0.15048253800781253,0.05,0,
21,optimisation,2,19,2,0,3,33,9.6,400.0,400.0,0.11541004687499996,0.15048253800781253,0.05,0,
21,optimisation,2,19,2,0,3,34,9.9,398.67,400.0,0.11541004687499996,0.15048253800781253,0.05,0,
21,optimisation,2,19,2,0,3,35,10.2,401.67,400.0,0.11541004687499996,0.15048253800781253,0.05,0,
21,optimisation,2,19,2,0,3,36,10.5,398.33,400.0,0.11541004687499996,0.15048253800781253,0.05,0,
21,optimisation,2,19,2,0,3,37,10.799999999999999,400.67,400.0,0.11541004687499996,0.15048253800781253,0.05,0,
21,optimisation,2,19,2,0,3,38,11.1,400.0,400.0,0.11541004687499996,0.15048253800781253,0.05,0,
21,optimisation,2,19,2,0,3,39,11.4,400.33,400.0,0.11541004687499996,0.15048253800781253,0.05,0,
22,optimisation,3,19,3,0,2,1,0.0,364.0,400.0,0.11541004687499996,0.20988358671875001,0.0301996504296875,0,
22,optimisation,3,19,3,0,2,2,0.3,397.33,400.0,0.11541004687499996,0.20988358671875001,0.0301996504296875,0,
22,optimisation,3,19,3,0,2,3,0.6,392.0,400.0,0.11541004687499996,0.20988358671875001,0.0301996504296875,0,
22,optimisation,3,19,3,0,2,4,0.8999999999999999,397.33,400.0,0.11541004687499996,0.20988358671875001,0.0301996504296875,0,
22,optimisation,3,19,3,0,2,5,1.2,400.33,400.0,0.11541004687499996,0.20988358671875001,0.0301996504296875,0,
22,optimisation,3,19,3,0,2,6,1.5,398.0,400.0,0.11541004687499996,0.20988358671875001,0.0301996504296875,0,
22,optimisation,3,19,3,0,2,7,1.7999999999999998,401.33,400.0,0.11541004687499996,0.20988358671875001,0.0301996504296875,0,
22,optimisation,3,19,3,0,2,8,2.1,400.0,400.0,0.11541004687499996,0.20988358671875001,0.0301996504296875,0,
22,optimisation,3,19,3,0,2,9,2.4,399.33,400.0,0.11541004687499996,0.20988358671875001,0.0301996504296875,0,
22,optimisation,3,19,3,0,2,10,2.6999999999999997,400.67,400.0,0.11541004687499996,0.20988358671875001,0.0301996504296875,0,
22,optimisation,3,19,3,0,2,11,3.0,398.67,400.0,0.11541004687499996,0.20988358671875001,0.0301996504296875,0,
22,optimisation,3,19,3,0,2,12,3.3,399.0,400.0,0.11541004687499996,0.20988358671875001,0.0301996504296875,0,
22,optimisation,3,19,3,0,2,13,3.5999999999999996,400.67,400.0,0.11541004687499996,0.20988358671875001,0.0301996504296875,0,
22,optimisation,3,19,3,0,2,14,3.9,400.0,400.0,0.11541004687499996,0.20988358671875001,0.0301996504296875,0,
22,optimisation,3,19,3,0,2,15,4.2,398.67,400.0,0.11541004687499996,0.20988358671875001,0.0301996504296875,0,
22,optimisation,3,19,3,0,2,16,4.5,400.0,400.0,0.11541004687499996,0.20988358671875001,0.0301996504296875,0,
22,optimisation,3,19,3,0,2,17,4.8,399.33,400.0,0.11541004687499996,0.20988358671875001,0.0301996504296875,0,
22,optimisation,3,19,3,0,2,18,5.1,399.33,400.0,0.11541004687499996,0.20988358671875001,0.0301996504296875,0,
22,optimisation,3,19,3,0,2,19,5.3999999999999995,399.33,400.0,0.11541004687499996,0.20988358671875001,0.0301996504296875,0,
22,optimisation,3,19,3,0,2,20,5.7,400.0,400.0,0.11541004687499996,0.20988358671875001,0.0301996504296875,0,
22,optimisation,3,19,3,0,2,21,6.0,398.67,400.0,0.11541004687499996,0.20988358671875001,0.0301996504296875,0,
22,optimisation,3,19,3,0,2,22,6.3,399.67,400.0,0.11541004687499996,0.20988358671875001,0.0301996504296875,0,
22,optimisation,3,19,3,0,2,23,6.6,400.0,400.0,0.11541004687499996,0.20988358671875001,0.0301996504296875,0,
22,optimisation,3,19,3,0,2,24,6.8999999999999995,401.67,400.0,0.11541004687499996,0.20988358671875001,0.0301996504296875,0,
22,optimisation,3,19,3,0,2,25,7.199999999999999,397.33,400.0,0.11541004687499996,0.20988358671875001,0.0301996504296875,0,
22,optimisation,3,19,3,0,2,26,7.5,401.0,400.0,0.11541004687499996,0.20988358671875001,0.0301996504296875,0,
22,optimisation,3,19,3,0,2,27,7.8,399.0,400.0,0.11541004687499996,0.20988358671875001,0.0301996504296875,0,
22,optimisation,3,19,3,0,2,28,8.1,400.67,400.0,0.11541004687499996,0.20988358671875001,0.0301996504296875,0,
22,optimisation,3,19,3,0,2,29,8.4,397.67,400.0,0.11541004687499996,0.20988358671875001,0.0301996504296875,0,
22,optimisation,3,19,3,0,2,30,8.7,400.67,400.0,0.11541004687499996,0.20988358671875001,0.0301996504296875,0,
22,optimisation,3,19,3,0,2,31,9.0,398.33,400.0,0.11541004687499996,0.20988358671875001,0.0301996504296875,0,
22,optimisation,3,19,3,0,2,32,9.299999999999999,400.33,400.0,0.11541004687499996,0.20988358671875001,0.0301996504296875,0,
22,optimisation,3,19,3,0,2,33,9.6,400.67,400.0,0.11541004687499996,0.20988358671875001,0.0301996504296875,0,
22,optimisation,3,19,3,0,2,34,9.9,399.33,400.0,0.11541004687499996,0.20988358671875001,0.0301996504296875,0,
22,optimisation,3,19,3,0,2,35,10.2,399.0,400.0,0.11541004687499996,0.20988358671875001,0.0301996504296875,0,
22,optimisation,3,19,3,0,2,36,10.5,400.0,400.0,0.11541004687499996,0.20988358671875001,0.0301996504296875,0,
22,optimisation,3,19,3,0,2,37,10.799999999999999,399.67,400.0,0.11541004687499996,0.20988358671875001,0.0301996504296875,0,
22,optimisation,3,19,3,0,2,38,11.1,399.0,400.0,0.11541004687499996,0.20988358671875001,0.0301996504296875,0,
22,optimisation,3,19,3,0,2,39,11.4,401.67,400.0,0.11541004687499996,0.20988358671875001,0.0301996504296875,0,
22,optimisation,3,19,3,0,3,1,0.0,358.0,400.0,0.11541004687499996,0.20988358671875001,0.0301996504296875,0,
22,optimisation,3,19,3,0,3,2,0.3,398.33,400.0,0.11541004687499996,0.20988358671875001,0.0301996504296875,0,
22,optimisation,3,19,3,0,3,3,0.6,387.0,400.0,0.11541004687499996,0.20988358671875001,0.0301996504296875,0,
22,optimisation,3,19,3,0,3,4,0.8999999999999999,398.0,400.0,0.11541004687499996,0.20988358671875001,0.0301996504296875,0,
22,optimisation,3,19,3,0,3,5,1.2,398.67,400.0,0.11541004687499996,0.20988358671875001,0.0301996504296875,0,
22,optimisation,3,19,3,0,3,6,1.5,397.33,400.0,0.11541004687499996,0.20988358671875001,0.0301996504296875,0,
22,optimisation,3,19,3,0,3,7,1.7999999999999998,398.67,400.0,0.11541004687499996,0.20988358671875001,0.0301996504296875,0,
22,optimisation,3,19,3,0,3,8,2.1,399.67,400.0,0.11541004687499996,0.20988358671875001,0.0301996504296875,0,
22,optimisation,3,19,3,0,3,9,2.4,400.0,400.0,0.11541004687499996,0.20988358671875001,0.0301996504296875,0,
22,optimisation,3,19,3,0,3,10,2.6999999999999997,399.0,400.0,0.11541004687499996,0.20988358671875001,0.0301996504296875,0,
22,optimisation,3,19,3,0,3,11,3.0,400.0,400.0,0.11541004687499996,0.20988358671875001,0.0301996504296875,0,
22,optimisation,3,19,3,0,3,12,3.3,401.0,400.0,0.11541004687499996,0.20988358671875001,0.0301996504296875,0,
22,optimisation,3,19,3,0,3,13,3.5999999999999996,398.33,400.0,0.11541004687499996,0.20988358671875001,0.0301996504296875,0,
22,optimisation,3,19,3,0,3,14,3.9,399.67,400.0,0.11541004687499996,0.20988358671875001,0.0301996504296875,0,
22,optimisation,3,19,3,0,3,15,4.2,400.0,400.0,0.11541004687499996,0.20988358671875001,0.0301996504296875,0,
22,optimisation,3,19,3,0,3,16,4.5,399.67,400.0,0.11541004687499996,0.20988358671875001,0.0301996504296875,0,
22,optimisation,3,19,3,0,3,17,4.8,399.33,400.0,0.11541004687499996,0.20988358671875001,0.0301996504296875,0,
22,optimisation,3,19,3,0,3,18,5.1,400.0,400.0,0.11541004687499996,0.20988358671875001,0.0301996504296875,0,
22,optimisation,3,19,3,0,3,19,5.3999999999999995,398.67,400.0,0.11541004687499996,0.20988358671875001,0.0301996504296875,0,
22,optimisation,3,19,3,0,3,20,5.7,401.0,400.0,0.11541004687499996,0.20988358671875001,0.0301996504296875,0,
22,optimisation,3,19,3,0,3,21,6.0,398.0,400.0,0.11541004687499996,0.20988358671875001,0.0301996504296875,0,
22,optimisation,3,19,3,0,3,22,6.3,401.33,400.0,0.11541004687499996,0.20988358671875001,0.0301996504296875,0,
22,optimisation,3,19,3,0,3,23,6.6,400.33,400.0,0.11541004687499996,0.20988358671875001,0.0301996504296875,0,
22,optimisation,3,19,3,0,3,24,6.8999999999999995,399.67,400.0,0.11541004687499996,0.20988358671875001,0.0301996504296875,0,
22,optimisation,3,19,3,0,3,25,7.199999999999999,400.67,400.0,0.11541004687499996,0.20988358671875001,0.0301996504296875,0,
22,optimisation,3,19,3,0,3,26,7.5,399.0,400.0,0.11541004687499996,0.20988358671875001,0.0301996504296875,0,
22,optimisation,3,19,3,0,3,27,7.8,400.0,400.0,0.11541004687499996,0.20988358671875001,0.0301996504296875,0,
22,optimisation,3,19,3,0,3,28,8.1,399.67,400.0,0.11541004687499996,0.20988358671875001,0.0301996504296875,0,
22,optimisation,3,19,3,0,3,29,8.4,398.33,400.0,0.11541004687499996,0.20988358671875001,0.0301996504296875,0,
22,optimisation,3,19,3,0,3,30,8.7,400.67,400.0,0.11541004687499996,0.20988358671875001,0.0301996504296875,0,
22,optimisation,3,19,3,0,3,31,9.0,399.33,400.0,0.11541004687499996,0.20988358671875001,0.0301996504296875,0,
22,optimisation,3,19,3,0,3,32,9.299999999999999,400.67,400.0,0.11541004687499996,0.20988358671875001,0.0301996504296875,0,
22,optimisation,3,19,3,0,3,33,9.6,399.33,400.0,0.11541004687499996,0.20988358671875001,0.0301996504296875,0,
22,optimisation,3,19,3,0,3,34,9.9,399.0,400.0,0.11541004687499996,0.20988358671875001,0.0301996504296875,0,
22,optimisation,3,19,3,0,3,35,10.2,400.67,400.0,0.11541004687499996,0.20988358671875001,0.0301996504296875,0,
22,optimisation,3,19,3,0,3,36,10.5,397.67,400.0,0.11541004687499996,0.20988358671875001,0.0301996504296875,0,
22,optimisation,3,19,3,0,3,37,10.799999999999999,401.67,400.0,0.11541004687499996,0.20988358671875001,0.0301996504296875,0,
22,optimisation,3,19,3,0,3,38,11.1,399.33,400.0,0.11541004687499996,0.20988358671875001,0.0301996504296875,0,
22,optimisation,3,19,3,0,3,39,11.4,400.67,400.0,0.11541004687499996,0.20988358671875001,0.0301996504296875,0,
23,optimisation,4,19,4,0,2,1,0.0,361.0,400.0,0.17481109558593744,0.20988358671875001,0.05,0,
23,optimisation,4,19,4,0,2,2,0.3,405.0,400.0,0.17481109558593744,0.20988358671875001,0.05,0,
23,optimisation,4,19,4,0,2,3,0.6,381.0,400.0,0.17481109558593744,0.20988358671875001,0.05,0,
23,optimisation,4,19,4,0,2,4,0.8999999999999999,404.33,400.0,0.17481109558593744,0.20988358671875001,0.05,0,
23,optimisation,4,19,4,0,2,5,1.2,392.67,400.0,0.17481109558593744,0.20988358671875001,0.05,0,
23,optimisation,4,19,4,0,2,6,1.5,401.0,400.0,0.17481109558593744,0.20988358671875001,0.05,0,
23,optimisation,4,19,4,0,2,7,1.7999999999999998,397.33,400.0,0.17481109558593744,0.20988358671875001,0.05,0,
23,optimisation,4,19,4,0,2,8,2.1,401.67,400.0,0.17481109558593744,0.20988358671875001,0.05,0,
23,optimisation,4,19,4,0,2,9,2.4,399.67,400.0,0.17481109558593744,0.20988358671875001,0.05,0,
23,optimisation,4,19,4,0,2,10,2.6999999999999997,400.67,400.0,0.17481109558593744,0.20988358671875001,0.05,0,
23,optimisation,4,19,4,0,2,11,3.0,400.0,400.0,0.17481109558593744,0.20988358671875001,0.05,0,
23,optimisation,4,19,4,0,2,12,3.3,399.33,400.0,0.17481109558593744,0.20988358671875001,0.05,0,
23,optimisation,4,19,4,0,2,13,3.5999999999999996,399.67,400.0,0.17481109558593744,0.20988358671875001,0.05,0,
23,optimisation,4,19,4,0,2,14,3.9,400.33,400.0,0.17481109558593744,0.20988358671875001,0.05,0,
23,optimisation,4,19,4,0,2,15,4.2,398.33,400.0,0.17481109558593744,0.20988358671875001,0.05,0,
23,optimisation,4,19,4,0,2,16,4.5,401.0,400.0,0.17481109558593744,0.20988358671875001,0.05,0,
23,optimisation,4,19,4,0,2,17,4.8,398.0,400.0,0.17481109558593744,0.20988358671875001,0.05,0,
23,optimisation,4,19,4,0,2,18,5.1,400.33,400.0,0.17481109558593744,0.20988358671875001,0.05,0,
23,optimisation,4,19,4,0,2,19,5.3999999999999995,399.33,400.0,0.17481109558593744,0.20988358671875001,0.05,0,
23,optimisation,4,19,4,0,2,20,5.7,399.0,400.0,0.17481109558593744,0.20988358671875001,0.05,0,
23,optimisation,4,19,4,0,2,21,6.0,399.67,400.0,0.17481109558593744,0.20988358671875001,0.05,0,
23,optimisation,4,19,4,0,2,22,6.3,399.67,400.0,0.17481109558593744,0.20988358671875001,0.05,0,
23,optimisation,4,19,4,0,2,23,6.6,400.0,400.0,0.17481109558593744,0.20988358671875001,0.05,0,
23,optimisation,4,19,4,0,2,24,6.8999999999999995,400.0,400.0,0.17481109558593744,0.20988358671875001,0.05,0,
23,optimisation,4,19,4,0,2,25,7.199999999999999,401.0,400.0,0.17481109558593744,0.20988358671875001,0.05,0,
23,optimisation,4,19,4,0,2,26,7.5,398.0,400.0,0.17481109558593744,0.20988358671875001,0.05,0,
23,optimisation,4,19,4,0,2,27,7.8,400.0,400.0,0.17481109558593744,0.20988358671875001,0.05,0,
23,optimisation,4,19,4,0,2,28,8.1,399.67,400.0,0.17481109558593744,0.20988358671875001,0.05,0,
23,optimisation,4,19,4,0,2,29,8.4,399.67,400.0,0.17481109558593744,0.20988358671875001,0.05,0,
23,optimisation,4,19,4,0,2,30,8.7,398.67,400.0,0.17481109558593744,0.20988358671875001,0.05,0,
23,optimisation,4,19,4,0,2,31,9.0,399.33,400.0,0.17481109558593744,0.20988358671875001,0.05,0,
23,optimisation,4,19,4,0,2,32,9.299999999999999,398.67,400.0,0.17481109558593744,0.20988358671875001,0.05,0,
23,optimisation,4,19,4,0,2,33,9.6,401.67,400.0,0.17481109558593744,0.20988358671875001,0.05,0,
23,optimisation,4,19,4,0,2,34,9.9,397.67,400.0,0.17481109558593744,0.20988358671875001,0.05,0,
23,optimisation,4,19,4,0,2,35,10.2,400.67,400.0,0.17481109558593744,0.20988358671875001,0.05,0,
23,optimisation,4,19,4,0,2,36,10.5,399.33,400.0,0.17481109558593744,0.20988358671875001,0.05,0,
23,optimisation,4,19,4,0,2,37,10.799999999999999,400.33,400.0,0.17481109558593744,0.20988358671875001,0.05,0,
23,optimisation,4,19,4,0,2,38,11.1,397.67,400.0,0.17481109558593744,0.20988358671875001,0.05,0,
23,optimisation,4,19,4,0,2,39,11.4,402.67,400.0,0.17481109558593744,0.20988358671875001,0.05,0,
23,optimisation,4,19,4,0,3,1,0.0,354.67,400.0,0.17481109558593744,0.20988358671875001,0.05,0,
23,optimisation,4,19,4,0,3,2,0.3,406.0,400.0,0.17481109558593744,0.20988358671875001,0.05,0,
23,optimisation,4,19,4,0,3,3,0.6,374.33,400.0,0.17481109558593744,0.20988358671875001,0.05,0,
23,optimisation,4,19,4,0,3,4,0.8999999999999999,408.0,400.0,0.17481109558593744,0.20988358671875001,0.05,0,
23,optimisation,4,19,4,0,3,5,1.2,387.33,400.0,0.17481109558593744,0.20988358671875001,0.05,0,
23,optimisation,4,19,4,0,3,6,1.5,404.0,400.0,0.17481109558593744,0.20988358671875001,0.05,0,
23,optimisation,4,19,4,0,3,7,1.7999999999999998,395.0,400.0,0.17481109558593744,0.20988358671875001,0.05,0,
23,optimisation,4,19,4,0,3,8,2.1,401.67,400.0,0.17481109558593744,0.20988358671875001,0.05,0,
23,optimisation,4,19,4,0,3,9,2.4,398.33,400.0,0.17481109558593744,0.20988358671875001,0.05,0,
23,optimisation,4,19,4,0,3,10,2.6999999999999997,401.0,400.0,0.17481109558593744,0.20988358671875001,0.05,0,
23,optimisation,4,19,4,0,3,11,3.0,397.67,400.0,0.17481109558593744,0.20988358671875001,0.05,0,
23,optimisation,4,19,4,0,3,12,3.3,402.33,400.0,0.17481109558593744,0.20988358671875001,0.05,0,
23,optimisation,4,19,4,0,3,13,3.5999999999999996,399.0,400.0,0.17481109558593744,0.20988358671875001,0.05,0,
23,optimisation,4,19,4,0,3,14,3.9,399.67,400.0,0.17481109558593744,0.20988358671875001,0.05,0,
23,optimisation,4,19,4,0,3,15,4.2,399.33,400.0,0.17481109558593744,0.20988358671875001,0.05,0,
23,optimisation,4,19,4,0,3,16,4.5,400.0,400.0,0.17481109558593744,0.20988358671875001,0.05,0,
23,optimisation,4,19,4,0,3,17,4.8,400.67,400.0,0.17481109558593744,0.20988358671875001,0.05,0,
23,optimisation,4,19,4,0,3,18,5.1,398.67,400.0,0.17481109558593744,0.20988358671875001,0.05,0,
23,optimisation,4,19,4,0,3,19,5.3999999999999995,400.0,400.0,0.17481109558593744,0.20988358671875001,0.05,0,
23,optimisation,4,19,4,0,3,20,5.7,399.0,400.0,0.17481109558593744,0.20988358671875001,0.05,0,
23,optimisation,4,19,4,0,3,21,6.0,400.0,400.0,0.17481109558593744,0.20988358671875001,0.05,0,
23,optimisation,4,19,4,0,3,22,6.3,400.67,400.0,0.17481109558593744,0.20988358671875001,0.05,0,
23,optimisation,4,19,4,0,3,23,6.6,398.67,400.0,0.17481109558593744,0.20988358671875001,0.05,0,
23,optimisation,4,19,4,0,3,24,6.8999999999999995,400.0,400.0,0.17481109558593744,0.20988358671875001,0.05,0,
23,optimisation,4,19,4,0,3,25,7.199999999999999,398.67,400.0,0.17481109558593744,0.20988358671875001,0.05,0,
23,optimisation,4,19,4,0,3,26,7.5,401.67,400.0,0.17481109558593744,0.20988358671875001,0.05,0,
23,optimisation,4,19,4,0,3,27,7.8,399.0,400.0,0.17481109558593744,0.20988358671875001,0.05,0,
23,optimisation,4,19,4,0,3,28,8.1,400.33,400.0,0.17481109558593744,0.20988358671875001,0.05,0,
23,optimisation,4,19,4,0,3,29,8.4,399.0,400.0,0.17481109558593744,0.20988358671875001,0.05,0,
23,optimisation,4,19,4,0,3,30,8.7,399.33,400.0,0.17481109558593744,0.20988358671875001,0.05,0,
23,optimisation,4,19,4,0,3,31,9.0,399.33,400.0,0.17481109558593744,0.20988358671875001,0.05,0,
23,optimisation,4,19,4,0,3,32,9.299999999999999,401.0,400.0,0.17481109558593744,0.20988358671875001,0.05,0,
23,optimisation,4,19,4,0,3,33,9.6,398.33,400.0,0.17481109558593744,0.20988358671875001,0.05,0,
23,optimisation,4,19,4,0,3,34,9.9,401.0,400.0,0.17481109558593744,0.20988358671875001,0.05,0,
23,optimisation,4,19,4,0,3,35,10.2,398.0,400.0,0.17481109558593744,0.20988358671875001,0.05,0,
23,optimisation,4,19,4,0,3,36,10.5,402.67,400.0,0.17481109558593744,0.20988358671875001,0.05,0,
23,optimisation,4,19,4,0,3,37,10.799999999999999,397.0,400.0,0.17481109558593744,0.20988358671875001,0.05,0,
23,optimisation,4,19,4,0,3,38,11.1,402.33,400.0,0.17481109558593744,0.20988358671875001,0.05,0,
23,optimisation,4,19,4,0,3,39,11.4,398.0,400.0,0.17481109558593744,0.20988358671875001,0.05,0,
24,optimisation,5,19,5,0,2,1,0.0,363.67,400.0,0.11541004687499996,0.2692846354296875,0.05,0,
24,optimisation,5,19,5,0,2,2,0.3,399.0,400.0,0.11541004687499996,0.2692846354296875,0.05,0,
24,optimisation,5,19,5,0,2,3,0.6,389.33,400.0,0.11541004687499996,0.2692846354296875,0.05,0,
24,optimisation,5,19,5,0,2,4,0.8999999999999999,400.0,400.0,0.11541004687499996,0.2692846354296875,0.05,0,
24,optimisation,5,19,5,0,2,5,1.2,400.0,400.0,0.11541004687499996,0.2692846354296875,0.05,0,
24,optimisation,5,19,5,0,2,6,1.5,401.67,400.0,0.11541004687499996,0.2692846354296875,0.05,0,
24,optimisation,5,19,5,0,2,7,1.7999999999999998,398.33,400.0,0.11541004687499996,0.2692846354296875,0.05,0,
24,optimisation,5,19,5,0,2,8,2.1,401.67,400.0,0.11541004687499996,0.2692846354296875,0.05,0,
24,optimisation,5,19,5,0,2,9,2.4,398.67,400.0,0.11541004687499996,0.2692846354296875,0.05,0,
24,optimisation,5,19,5,0,2,10,2.6999999999999997,401.0,400.0,0.11541004687499996,0.2692846354296875,0.05,0,
24,optimisation,5,19,5,0,2,11,3.0,399.67,400.0,0.11541004687499996,0.2692846354296875,0.05,0,
24,optimisation,5,19,5,0,2,12,3.3,400.0,400.0,0.11541004687499996,0.2692846354296875,0.05,0,
24,optimisation,5,19,5,0,2,13,3.5999999999999996,399.0,400.0,0.11541004687499996,0.2692846354296875,0.05,0,
24,optimisation,5,19,5,0,2,14,3.9,400.0,400.0,0.11541004687499996,0.2692846354296875,0.05,0,
24,optimisation,5,19,5,0,2,15,4.2,399.0,400.0,0.11541004687499996,0.2692846354296875,0.05,0,
24,optimisation,5,19,5,0,2,16,4.5,400.0,400.0,0.11541004687499996,0.2692846354296875,0.05,0,
24,optimisation,5,19,5,0,2,17,4.8,398.67,400.0,0.11541004687499996,0.2692846354296875,0.05,0,
24,optimisation,5,19,5,0,2,18,5.1,400.0,400.0,0.11541004687499996,0.2692846354296875,0.05,0,
24,optimisation,5,19,5,0,2,19,5.3999999999999995,399.67,400.0,0.11541004687499996,0.2692846354296875,0.05,0,
24,optimisation,5,19,5,0,2,20,5.7,399.33,400.0,0.11541004687499996,0.2692846354296875,0.05,0,
24,optimisation,5,19,5,0,2,21,6.0,400.0,400.0,0.11541004687499996,0.2692846354296875,0.05,0,
24,optimisation,5,19,5,0,2,22,6.3,401.0,400.0,0.11541004687499996,0.2692846354296875,0.05,0,
24,optimisation,5,19,5,0,2,23,6.6,398.0,400.0,0.11541004687499996,0.2692846354296875,0.05,0,
24,optimisation,5,19,5,0,2,24,6.8999999999999995,401.67,400.0,0.11541004687499996,0.2692846354296875,0.05,0,
24,optimisation,5,19,5,0,2,25,7.199999999999999,397.67,400.0,0.11541004687499996,0.2692846354296875,0.05,0,
24,optimisation,5,19,5,0,2,26,7.5,400.33,400.0,0.11541004687499996,0.2692846354296875,0.05,0,
24,optimisation,5,19,5,0,2,27,7.8,400.33,400.0,0.11541004687499996,0.2692846354296875,0.05,0,
24,optimisation,5,19,5,0,2,28,8.1,399.0,400.0,0.11541004687499996,0.2692846354296875,0.05,0,
24,optimisation,5,19,5,0,2,29,8.4,400.33,400.0,0.11541004687499996,0.2692846354296875,0.05,0,
24,optimisation,5,19,5,0,2,30,8.7,399.0,400.0,0.11541004687499996,0.2692846354296875,0.05,0,
24,optimisation,5,19,5,0,2,31,9.0,399.33,400.0,0.11541004687499996,0.2692846354296875,0.05,0,
24,optimisation,5,19,5,0,2,32,9.299999999999999,400.0,400.0,0.11541004687499996,0.2692846354296875,0.05,0,
24,optimisation,5,19,5,0,2,33,9.6,400.0,400.0,0.11541004687499996,0.2692846354296875,0.05,0,
24,optimisation,5,19,5,0,2,34,9.9,399.33,400.0,0.11541004687499996,0.2692846354296875,0.05,0,
24,optimisation,5,19,5,0,2,35,10.2,399.33,400.0,0.11541004687499996,0.2692846354296875,0.05,0,
24,optimisation,5,19,5,0,2,36,10.5,399.33,400.0,0.11541004687499996,0.2692846354296875,0.05,0,
24,optimisation,5,19,5,0,2,37,10.799999999999999,401.67,400.0,0.11541004687499996,0.2692846354296875,0.05,0,
24,optimisation,5,19,5,0,2,38,11.1,398.67,400.0,0.11541004687499996,0.2692846354296875,0.05,0,
24,optimisation,5,19,5,0,2,39,11.4,400.33,400.0,0.11541004687499996,0.2692846354296875,0.05,0,
24,optimisation,5,19,5,0,3,1,0.0,355.67,400.0,0.11541004687499996,0.2692846354296875,0.05,0,
24,optimisation,5,19,5,0,3,2,0.3,402.67,400.0,0.11541004687499996,0.2692846354296875,0.05,0,
24,optimisation,5,19,5,0,3,3,0.6,384.0,400.0,0.11541004687499996,0.2692846354296875,0.05,0,
24,optimisation,5,19,5,0,3,4,0.8999999999999999,403.67,400.0,0.11541004687499996,0.2692846354296875,0.05,0,
24,optimisation,5,19,5,0,3,5,1.2,396.33,400.0,0.11541004687499996,0.2692846354296875,0.05,0,
24,optimisation,5,19,5,0,3,6,1.5,400.0,400.0,0.11541004687499996,0.2692846354296875,0.05,0,
24,optimisation,5,19,5,0,3,7,1.7999999999999998,398.67,400.0,0.11541004687499996,0.2692846354296875,0.05,0,
24,optimisation,5,19,5,0,3,8,2.1,400.0,400.0,0.11541004687499996,0.2692846354296875,0.05,0,
24,optimisation,5,19,5,0,3,9,2.4,401.0,400.0,0.11541004687499996,0.2692846354296875,0.05,0,
24,optimisation,5,19,5,0,3,10,2.6999999999999997,399.0,400.0,0.11541004687499996,0.2692846354296875,0.05,0,
24,optimisation,5,19,5,0,3,11,3.0,399.0,400.0,0.11541004687499996,0.2692846354296875,0.05,0,
24,optimisation,5,19,5,0,3,12,3.3,401.67,400.0,0.11541004687499996,0.2692846354296875,0.05,0,
24,optimisation,5,19,5,0,3,13,3.5999999999999996,398.67,400.0,0.11541004687499996,0.2692846354296875,0.05,0,
24,optimisation,5,19,5,0,3,14,3.9,399.33,400.0,0.11541004687499996,0.2692846354296875,0.05,0,
24,optimisation,5,19,5,0,3,15,4.2,400.67,400.0,0.11541004687499996,0.2692846354296875,0.05,0,
24,optimisation,5,19,5,0,3,16,4.5,398.33,400.0,0.11541004687499996,0.2692846354296875,0.05,0,
24,optimisation,5,19,5,0,3,17,4.8,401.33,400.0,0.11541004687499996,0.2692846354296875,0.05,0,
24,optimisation,5,19,5,0,3,18,5.1,399.67,400.0,0.11541004687499996,0.2692846354296875,0.05,0,
24,optimisation,5,19,5,0,3,19,5.3999999999999995,400.0,400.0,0.11541004687499996,0.2692846354296875,0.05,0,
24,optimisation,5,19,5,0,3,20,5.7,400.0,400.0,0.11541004687499996,0.2692846354296875,0.05,0,
24,optimisation,5,19,5,0,3,21,6.0,398.67,400.0,0.11541004687499996,0.2692846354296875,0.05,0,
24,optimisation,5,19,5,0,3,22,6.3,402.33,400.0,0.11541004687499996,0.2692846354296875,0.05,0,
24,optimisation,5,19,5,0,3,23,6.6,398.67,400.0,0.11541004687499996,0.2692846354296875,0.05,0,
24,optimisation,5,19,5,0,3,24,6.8999999999999995,401.67,400.0,0.11541004687499996,0.2692846354296875,0.05,0,
24,optimisation,5,19,5,0,3,25,7.199999999999999,399.33,400.0,0.11541004687499996,0.2692846354296875,0.05,0,
24,optimisation,5,19,5,0,3,26,7.5,399.67,400.0,0.11541004687499996,0.2692846354296875,0.05,0,
24,optimisation,5,19,5,0,3,27,7.8,400.33,400.0,0.11541004687499996,0.2692846354296875,0.05,0,
24,optimisation,5,19,5,0,3,28,8.1,401.33,400.0,0.11541004687499996,0.2692846354296875,0.05,0,
24,optimisation,5,19,5,0,3,29,8.4,398.0,400.0,0.11541004687499996,0.2692846354296875,0.05,0,
24,optimisation,5,19,5,0,3,30,8.7,401.67,400.0,0.11541004687499996,0.2692846354296875,0.05,0,
24,optimisation,5,19,5,0,3,31,9.0,398.67,400.0,0.11541004687499996,0.2692846354296875,0.05,0,
24,optimisation,5,19,5,0,3,32,9.299999999999999,402.0,400.0,0.11541004687499996,0.2692846354296875,0.05,0,
24,optimisation,5,19,5,0,3,33,9.6,398.0,400.0,0.11541004687499996,0.2692846354296875,0.05,0,
24,optimisation,5,19,5,0,3,34,9.9,400.67,400.0,0.11541004687499996,0.2692846354296875,0.05,0,
24,optimisation,5,19,5,0,3,35,10.2,400.67,400.0,0.11541004687499996,0.2692846354296875,0.05,0,
24,optimisation,5,19,5,0,3,36,10.5,402.33,400.0,0.11541004687499996,0.2692846354296875,0.05,0,
24,optimisation,5,19,5,0,3,37,10.799999999999999,398.0,400.0,0.11541004687499996,0.2692846354296875,0.05,0,
24,optimisation,5,19,5,0,3,38,11.1,402.0,400.0,0.11541004687499996,0.2692846354296875,0.05,0,
24,optimisation,5,19,5,0,3,39,11.4,397.67,400.0,0.11541004687499996,0.2692846354296875,0.05,0,
25,optimisation,6,19,6,0,2,1,0.0,366.33,400.0,0.11541004687499996,0.20988358671875001,0.0698003495703125,0,
25,optimisation,6,19,6,0,2,2,0.3,395.0,400.0,0.11541004687499996,0.20988358671875001,0.0698003495703125,0,
25,optimisation,6,19,6,0,2,3,0.6,384.33,400.0,0.11541004687499996,0.20988358671875001,0.0698003495703125,0,
25,optimisation,6,19,6,0,2,4,0.8999999999999999,398.67,400.0,0.11541004687499996,0.20988358671875001,0.0698003495703125,0,
25,optimisation,6,19,6,0,2,5,1.2,394.33,400.0,0.11541004687499996,0.20988358671875001,0.0698003495703125,0,
25,optimisation,6,19,6,0,2,6,1.5,400.33,400.0,0.11541004687499996,0.20988358671875001,0.0698003495703125,0,
25,optimisation,6,19,6,0,2,7,1.7999999999999998,398.0,400.0,0.11541004687499996,0.20988358671875001,0.0698003495703125,0,
25,optimisation,6,19,6,0,2,8,2.1,398.67,400.0,0.11541004687499996,0.20988358671875001,0.0698003495703125,0,
25,optimisation,6,19,6,0,2,9,2.4,400.67,400.0,0.11541004687499996,0.20988358671875001,0.0698003495703125,0,
25,optimisation,6,19,6,0,2,10,2.6999999999999997,399.0,400.0,0.11541004687499996,0.20988358671875001,0.0698003495703125,0,
25,optimisation,6,19,6,0,2,11,3.0,401.33,400.0,0.11541004687499996,0.20988358671875001,0.0698003495703125,0,
25,optimisation,6,19,6,0,2,12,3.3,399.0,400.0,0.11541004687499996,0.20988358671875001,0.0698003495703125,0,
25,optimisation,6,19,6,0,2,13,3.5999999999999996,399.33,400.0,0.11541004687499996,0.20988358671875001,0.0698003495703125,0,
25,optimisation,6,19,6,0,2,14,3.9,400.0,400.0,0.11541004687499996,0.20988358671875001,0.0698003495703125,0,
25,optimisation,6,19,6,0,2,15,4.2,398.33,400.0,0.11541004687499996,0.20988358671875001,0.0698003495703125,0,
25,optimisation,6,19,6,0,2,16,4.5,401.0,400.0,0.11541004687499996,0.20988358671875001,0.0698003495703125,0,
25,optimisation,6,19,6,0,2,17,4.8,397.33,400.0,0.11541004687499996,0.20988358671875001,0.0698003495703125,0,
25,optimisation,6,19,6,0,2,18,5.1,400.67,400.0,0.11541004687499996,0.20988358671875001,0.0698003495703125,0,
25,optimisation,6,19,6,0,2,19,5.3999999999999995,399.33,400.0,0.11541004687499996,0.20988358671875001,0.0698003495703125,0,
25,optimisation,6,19,6,0,2,20,5.7,399.67,400.0,0.11541004687499996,0.20988358671875001,0.0698003495703125,0,
25,optimisation,6,19,6,0,2,21,6.0,399.0,400.0,0.11541004687499996,0.20988358671875001,0.0698003495703125,0,
25,optimisation,6,19,6,0,2,22,6.3,400.33,400.0,0.11541004687499996,0.20988358671875001,0.0698003495703125,0,
25,optimisation,6,19,6,0,2,23,6.6,398.67,400.0,0.11541004687499996,0.20988358671875001,0.0698003495703125,0,
25,optimisation,6,19,6,0,2,24,6.8999999999999995,400.33,400.0,0.11541004687499996,0.20988358671875001,0.0698003495703125,0,
25,optimisation,6,19,6,0,2,25,7.199999999999999,399.33,400.0,0.11541004687499996,0.20988358671875001,0.0698003495703125,0,
25,optimisation,6,19,6,0,2,26,7.5,398.67,400.0,0.11541004687499996,0.20988358671875001,0.0698003495703125,0,
25,optimisation,6,19,6,0,2,27,7.8,400.0,400.0,0.11541004687499996,0.20988358671875001,0.0698003495703125,0,
25,optimisation,6,19,6,0,2,28,8.1,400.0,400.0,0.11541004687499996,0.20988358671875001,0.0698003495703125,0,
25,optimisation,6,19,6,0,2,29,8.4,399.0,400.0,0.11541004687499996,0.20988358671875001,0.0698003495703125,0,
25,optimisation,6,19,6,0,2,30,8.7,401.0,400.0,0.11541004687499996,0.20988358671875001,0.0698003495703125,0,
25,optimisation,6,19,6,0,2,31,9.0,400.33,400.0,0.11541004687499996,0.20988358671875001,0.0698003495703125,0,
25,optimisation,6,19,6,0,2,32,9.299999999999999,398.0,400.0,0.11541004687499996,0.20988358671875001,0.0698003495703125,0,
25,optimisation,6,19,6,0,2,33,9.6,401.33,400.0,0.11541004687499996,0.20988358671875001,0.0698003495703125,0,
25,optimisation,6,19,6,0,2,34,9.9,398.33,400.0,0.11541004687499996,0.20988358671875001,0.0698003495703125,0,
25,optimisation,6,19,6,0,2,35,10.2,400.67,400.0,0.11541004687499996,0.20988358671875001,0.0698003495703125,0,
25,optimisation,6,19,6,0,2,36,10.5,400.0,400.0,0.11541004687499996,0.20988358671875001,0.0698003495703125,0,
25,optimisation,6,19,6,0,2,37,10.799999999999999,399.33,400.0,0.11541004687499996,0.20988358671875001,0.0698003495703125,0,
25,optimisation,6,19,6,0,2,38,11.1,400.0,400.0,0.11541004687499996,0.20988358671875001,0.0698003495703125,0,
25,optimisation,6,19,6,0,2,39,11.4,398.33,400.0,0.11541004687499996,0.20988358671875001,0.0698003495703125,0,
25,optimisation,6,19,6,0,3,1,0.0,357.33,400.0,0.11541004687499996,0.20988358671875001,0.0698003495703125,0,
25,optimisation,6,19,6,0,3,2,0.3,395.33,400.0,0.11541004687499996,0.20988358671875001,0.0698003495703125,0,
25,optimisation,6,19,6,0,3,3,0.6,383.0,400.0,0.11541004687499996,0.20988358671875001,0.0698003495703125,0,
25,optimisation,6,19,6,0,3,4,0.8999999999999999,398.33,400.0,0.11541004687499996,0.20988358671875001,0.0698003495703125,0,
25,optimisation,6,19,6,0,3,5,1.2,394.33,400.0,0.11541004687499996,0.20988358671875001,0.0698003495703125,0,
25,optimisation,6,19,6,0,3,6,1.5,399.33,400.0,0.11541004687499996,0.20988358671875001,0.0698003495703125,0,
25,optimisation,6,19,6,0,3,7,1.7999999999999998,398.33,400.0,0.11541004687499996,0.20988358671875001,0.0698003495703125,0,
25,optimisation,6,19,6,0,3,8,2.1,399.67,400.0,0.11541004687499996,0.20988358671875001,0.0698003495703125,0,
25,optimisation,6,19,6,0,3,9,2.4,398.33,400.0,0.11541004687499996,0.20988358671875001,0.0698003495703125,0,
25,optimisation,6,19,6,0,3,10,2.6999999999999997,400.67,400.0,0.11541004687499996,0.20988358671875001,0.0698003495703125,0,
25,optimisation,6,19,6,0,3,11,3.0,400.0,400.0,0.11541004687499996,0.20988358671875001,0.0698003495703125,0,
25,optimisation,6,19,6,0,3,12,3.3,400.67,400.0,0.11541004687499996,0.20988358671875001,0.0698003495703125,0,
25,optimisation,6,19,6,0,3,13,3.5999999999999996,400.0,400.0,0.11541004687499996,0.20988358671875001,0.0698003495703125,0,
25,optimisation,6,19,6,0,3,14,3.9,400.0,400.0,0.11541004687499996,0.20988358671875001,0.0698003495703125,0,
25,optimisation,6,19,6,0,3,15,4.2,401.0,400.0,0.11541004687499996,0.20988358671875001,0.0698003495703125,0,
25,optimisation,6,19,6,0,3,16,4.5,399.0,400.0,0.11541004687499996,0.20988358671875001,0.0698003495703125,0,
25,optimisation,6,19,6,0,3,17,4.8,401.33,400.0,0.11541004687499996,0.20988358671875001,0.0698003495703125,0,
25,optimisation,6,19,6,0,3,18,5.1,398.67,400.0,0.11541004687499996,0.20988358671875001,0.0698003495703125,0,
25,optimisation,6,19,6,0,3,19,5.3999999999999995,401.33,400.0,0.11541004687499996,0.20988358671875001,0.0698003495703125,0,
25,optimisation,6,19,6,0,3,20,5.7,398.67,400.0,0.11541004687499996,0.20988358671875001,0.0698003495703125,0,
25,optimisation,6,19,6,0,3,21,6.0,401.33,400.0,0.11541004687499996,0.20988358671875001,0.0698003495703125,0,
25,optimisation,6,19,6,0,3,22,6.3,399.67,400.0,0.11541004687499996,0.20988358671875001,0.0698003495703125,0,
25,optimisation,6,19,6,0,3,23,6.6,400.0,400.0,0.11541004687499996,0.20988358671875001,0.0698003495703125,0,
25,optimisation,6,19,6,0,3,24,6.8999999999999995,400.0,400.0,0.11541004687499996,0.20988358671875001,0.0698003495703125,0,
25,optimisation,6,19,6,0,3,25,7.199999999999999,399.67,400.0,0.11541004687499996,0.20988358671875001,0.0698003495703125,0,
25,optimisation,6,19,6,0,3,26,7.5,400.0,400.0,0.11541004687499996,0.20988358671875001,0.0698003495703125,0,
25,optimisation,6,19,6,0,3,27,7.8,400.33,400.0,0.11541004687499996,0.20988358671875001,0.0698003495703125,0,
25,optimisation,6,19,6,0,3,28,8.1,399.67,400.0,0.11541004687499996,0.20988358671875001,0.0698003495703125,0,
25,optimisation,6,19,6,0,3,29,8.4,401.67,400.0,0.11541004687499996,0.20988358671875001,0.0698003495703125,0,
25,optimisation,6,19,6,0,3,30,8.7,399.33,400.0,0.11541004687499996,0.20988358671875001,0.0698003495703125,0,
25,optimisation,6,19,6,0,3,31,9.0,400.0,400.0,0.11541004687499996,0.20988358671875001,0.0698003495703125,0,
25,optimisation,6,19,6,0,3,32,9.299999999999999,401.67,400.0,0.11541004687499996,0.20988358671875001,0.0698003495703125,0,
25,optimisation,6,19,6,0,3,33,9.6,399.33,400.0,0.11541004687499996,0.20988358671875001,0.0698003495703125,0,
25,optimisation,6,19,6,0,3,34,9.9,400.67,400.0,0.11541004687499996,0.20988358671875001,0.0698003495703125,0,
25,optimisation,6,19,6,0,3,35,10.2,400.0,400.0,0.11541004687499996,0.20988358671875001,0.0698003495703125,0,
25,optimisation,6,19,6,0,3,36,10.5,400.0,400.0,0.11541004687499996,0.20988358671875001,0.0698003495703125,0,
25,optimisation,6,19,6,0,3,37,10.799999999999999,400.67,400.0,0.11541004687499996,0.20988358671875001,0.0698003495703125,0,
25,optimisation,6,19,6,0,3,38,11.1,400.0,400.0,0.11541004687499996,0.20988358671875001,0.0698003495703125,0,
25,optimisation,6,19,6,0,3,39,11.4,399.33,400.0,0.11541004687499996,0.20988358671875001,0.0698003495703125,0,
26,optimisation,7,19,7,0,2,1,0.0,367.67,400.0,0.056008998164062476,0.20988358671875001,0.05,0,
26,optimisation,7,19,7,0,2,2,0.3,390.0,400.0,0.056008998164062476,0.20988358671875001,0.05,0,
26,optimisation,7,19,7,0,2,3,0.6,389.67,400.0,0.056008998164062476,0.20988358671875001,0.05,0,
26,optimisation,7,19,7,0,2,4,0.8999999999999999,396.33,400.0,0.056008998164062476,0.20988358671875001,0.05,0,
26,optimisation,7,19,7,0,2,5,1.2,397.33,400.0,0.056008998164062476,0.20988358671875001,0.05,0,
26,optimisation,7,19,7,0,2,6,1.5,399.33,400.0,0.056008998164062476,0.20988358671875001,0.05,0,
26,optimisation,7,19,7,0,2,7,1.7999999999999998,398.0,400.0,0.056008998164062476,0.20988358671875001,0.05,0,
26,optimisation,7,19,7,0,2,8,2.1,399.33,400.0,0.056008998164062476,0.20988358671875001,0.05,0,
26,optimisation,7,19,7,0,2,9,2.4,399.0,400.0,0.056008998164062476,0.20988358671875001,0.05,0,
26,optimisation,7,19,7,0,2,10,2.6999999999999997,398.0,400.0,0.056008998164062476,0.20988358671875001,0.05,0,
26,optimisation,7,19,7,0,2,11,3.0,398.67,400.0,0.056008998164062476,0.20988358671875001,0.05,0,
26,optimisation,7,19,7,0,2,12,3.3,400.67,400.0,0.056008998164062476,0.20988358671875001,0.05,0,
26,optimisation,7,19,7,0,2,13,3.5999999999999996,399.0,400.0,0.056008998164062476,0.20988358671875001,0.05,0,
26,optimisation,7,19,7,0,2,14,3.9,402.33,400.0,0.056008998164062476,0.20988358671875001,0.05,0,
26,optimisation,7,19,7,0,2,15,4.2,397.67,400.0,0.056008998164062476,0.20988358671875001,0.05,0,
26,optimisation,7,19,7,0,2,16,4.5,400.67,400.0,0.056008998164062476,0.20988358671875001,0.05,0,
26,optimisation,7,19,7,0,2,17,4.8,397.67,400.0,0.056008998164062476,0.20988358671875001,0.05,0,
26,optimisation,7,19,7,0,2,18,5.1,399.67,400.0,0.056008998164062476,0.20988358671875001,0.05,0,
26,optimisation,7,19,7,0,2,19,5.3999999999999995,399.33,400.0,0.056008998164062476,0.20988358671875001,0.05,0,
26,optimisation,7,19,7,0,2,20,5.7,398.33,400.0,0.056008998164062476,0.20988358671875001,0.05,0,
26,optimisation,7,19,7,0,2,21,6.0,401.33,400.0,0.056008998164062476,0.20988358671875001,0.05,0,
26,optimisation,7,19,7,0,2,22,6.3,398.33,400.0,0.056008998164062476,0.20988358671875001,0.05,0,
26,optimisation,7,19,7,0,2,23,6.6,400.0,400.0,0.056008998164062476,0.20988358671875001,0.05,0,
26,optimisation,7,19,7,0,2,24,6.8999999999999995,398.67,400.0,0.056008998164062476,0.20988358671875001,0.05,0,
26,optimisation,7,19,7,0,2,25,7.199999999999999,400.33,400.0,0.056008998164062476,0.20988358671875001,0.05,0,
26,optimisation,7,19,7,0,2,26,7.5,401.0,400.0,0.056008998164062476,0.20988358671875001,0.05,0,
26,optimisation,7,19,7,0,2,27,7.8,398.67,400.0,0.056008998164062476,0.20988358671875001,0.05,0,
26,optimisation,7,19,7,0,2,28,8.1,399.33,400.0,0.056008998164062476,0.20988358671875001,0.05,0,
26,optimisation,7,19,7,0,2,29,8.4,401.0,400.0,0.056008998164062476,0.20988358671875001,0.05,0,
26,optimisation,7,19,7,0,2,30,8.7,399.67,400.0,0.056008998164062476,0.20988358671875001,0.05,0,
26,optimisation,7,19,7,0,2,31,9.0,400.0,400.0,0.056008998164062476,0.20988358671875001,0.05,0,
26,optimisation,7,19,7,0,2,32,9.299999999999999,400.0,400.0,0.056008998164062476,0.20988358671875001,0.05,0,
26,optimisation,7,19,7,0,2,33,9.6,400.33,400.0,0.056008998164062476,0.20988358671875001,0.05,0,
26,optimisation,7,19,7,0,2,34,9.9,399.33,400.0,0.056008998164062476,0.20988358671875001,0.05,0,
26,optimisation,7,19,7,0,2,35,10.2,399.67,400.0,0.056008998164062476,0.20988358671875001,0.05,0,
26,optimisation,7,19,7,0,2,36,10.5,399.33,400.0,0.056008998164062476,0.20988358671875001,0.05,0,
26,optimisation,7,19,7,0,2,37,10.799999999999999,400.0,400.0,0.056008998164062476,0.20988358671875001,0.05,0,
26,optimisation,7,19,7,0,2,38,11.1,400.67,400.0,0.056008998164062476,0.20988358671875001,0.05,0,
26,optimisation,7,19,7,0,2,39,11.4,400.0,400.0,0.056008998164062476,0.20988358671875001,0.05,0,
26,optimisation,7,19,7,0,3,1,0.0,359.0,400.0,0.056008998164062476,0.20988358671875001,0.05,0,
26,optimisation,7,19,7,0,3,2,0.3,390.33,400.0,0.056008998164062476,0.20988358671875001,0.05,0,
26,optimisation,7,19,7,0,3,3,0.6,387.0,400.0,0.056008998164062476,0.20988358671875001,0.05,0,
26,optimisation,7,19,7,0,3,4,0.8999999999999999,394.0,400.0,0.056008998164062476,0.20988358671875001,0.05,0,
26,optimisation,7,19,7,0,3,5,1.2,399.0,400.0,0.056008998164062476,0.20988358671875001,0.05,0,
26,optimisation,7,19,7,0,3,6,1.5,399.0,400.0,0.056008998164062476,0.20988358671875001,0.05,0,
26,optimisation,7,19,7,0,3,7,1.7999999999999998,400.33,400.0,0.056008998164062476,0.20988358671875001,0.05,0,
26,optimisation,7,19,7,0,3,8,2.1,399.33,400.0,0.056008998164062476,0.20988358671875001,0.05,0,
26,optimisation,7,19,7,0,3,9,2.4,400.33,400.0,0.056008998164062476,0.20988358671875001,0.05,0,
26,optimisation,7,19,7,0,3,10,2.6999999999999997,400.67,400.0,0.056008998164062476,0.20988358671875001,0.05,0,
26,optimisation,7,19,7,0,3,11,3.0,398.33,400.0,0.056008998164062476,0.20988358671875001,0.05,0,
26,optimisation,7,19,7,0,3,12,3.3,401.0,400.0,0.056008998164062476,0.20988358671875001,0.05,0,
26,optimisation,7,19,7,0,3,13,3.5999999999999996,398.0,400.0,0.056008998164062476,0.20988358671875001,0.05,0,
26,optimisation,7,19,7,0,3,14,3.9,402.0,400.0,0.056008998164062476,0.20988358671875001,0.05,0,
26,optimisation,7,19,7,0,3,15,4.2,399.33,400.0,0.056008998164062476,0.20988358671875001,0.05,0,
26,optimisation,7,19,7,0,3,16,4.5,399.33,400.0,0.056008998164062476,0.20988358671875001,0.05,0,
26,optimisation,7,19,7,0,3,17,4.8,399.67,400.0,0.056008998164062476,0.20988358671875001,0.05,0,
26,optimisation,7,19,7,0,3,18,5.1,401.33,400.0,0.056008998164062476,0.20988358671875001,0.05,0,
26,optimisation,7,19,7,0,3,19,5.3999999999999995,401.0,400.0,0.056008998164062476,0.20988358671875001,0.05,0,
26,optimisation,7,19,7,0,3,20,5.7,400.67,400.0,0.056008998164062476,0.20988358671875001,0.05,0,
26,optimisation,7,19,7,0,3,21,6.0,399.67,400.0,0.056008998164062476,0.20988358671875001,0.05,0,
26,optimisation,7,19,7,0,3,22,6.3,399.67,400.0,0.056008998164062476,0.20988358671875001,0.05,0,
26,optimisation,7,19,7,0,3,23,6.6,401.67,400.0,0.056008998164062476,0.20988358671875001,0.05,0,
26,optimisation,7,19,7,0,3,24,6.8999999999999995,398.33,400.0,0.056008998164062476,0.20988358671875001,0.05,0,
26,optimisation,7,19,7,0,3,25,7.199999999999999,402.0,400.0,0.056008998164062476,0.20988358671875001,0.05,0,
26,optimisation,7,19,7,0,3,26,7.5,398.33,400.0,0.056008998164062476,0.20988358671875001,0.05,0,
26,optimisation,7,19,7,0,3,27,7.8,401.33,400.0,0.056008998164062476,0.20988358671875001,0.05,0,
26,optimisation,7,19,7,0,3,28,8.1,399.67,400.0,0.056008998164062476,0.20988358671875001,0.05,0,
26,optimisation,7,19,7,0,3,29,8.4,399.33,400.0,0.056008998164062476,0.20988358671875001,0.05,0,
26,optimisation,7,19,7,0,3,30,8.7,399.67,400.0,0.056008998164062476,0.20988358671875001,0.05,0,
26,optimisation,7,19,7,0,3,31,9.0,400.33,400.0,0.056008998164062476,0.20988358671875001,0.05,0,
26,optimisation,7,19,7,0,3,32,9.299999999999999,401.0,400.0,0.056008998164062476,0.20988358671875001,0.05,0,
26,optimisation,7,19,7,0,3,33,9.6,400.0,400.0,0.056008998164062476,0.20988358671875001,0.05,0,
26,optimisation,7,19,7,0,3,34,9.9,399.67,400.0,0.056008998164062476,0.20988358671875001,0.05,0,
26,optimisation,7,19,7,0,3,35,10.2,401.0,400.0,0.056008998164062476,0.20988358671875001,0.05,0,
26,optimisation,7,19,7,0,3,36,10.5,399.33,400.0,0.056008998164062476,0.20988358671875001,0.05,0,
26,optimisation,7,19,7,0,3,37,10.799999999999999,401.33,400.0,0.056008998164062476,0.20988358671875001,0.05,0,
26,optimisation,7,19,7,0,3,38,11.1,400.67,400.0,0.056008998164062476,0.20988358671875001,0.05,0,
26,optimisation,7,19,7,0,3,39,11.4,398.33,400.0,0.056008998164062476,0.20988358671875001,0.05,0,
27,optimisation,8,19,8,0,2,1,0.0,369.33,400.0,0.11541004687499996,0.15048253800781253,0.05,0,
27,optimisation,8,19,8,0,2,2,0.3,390.0,400.0,0.11541004687499996,0.15048253800781253,0.05,0,
27,optimisation,8,19,8,0,2,3,0.6,385.0,400.0,0.11541004687499996,0.15048253800781253,0.05,0,
27,optimisation,8,19,8,0,2,4,0.8999999999999999,392.33,400.0,0.11541004687499996,0.15048253800781253,0.05,0,
27,optimisation,8,19,8,0,2,5,1.2,393.67,400.0,0.11541004687499996,0.15048253800781253,0.05,0,
27,optimisation,8,19,8,0,2,6,1.5,396.67,400.0,0.11541004687499996,0.15048253800781253,0.05,0,
27,optimisation,8,19,8,0,2,7,1.7999999999999998,394.33,400.0,0.11541004687499996,0.15048253800781253,0.05,0,
27,optimisation,8,19,8,0,2,8,2.1,398.0,400.0,0.11541004687499996,0.15048253800781253,0.05,0,
27,optimisation,8,19,8,0,2,9,2.4,398.33,400.0,0.11541004687499996,0.15048253800781253,0.05,0,
27,optimisation,8,19,8,0,2,10,2.6999999999999997,399.0,400.0,0.11541004687499996,0.15048253800781253,0.05,0,
27,optimisation,8,19,8,0,2,11,3.0,397.67,400.0,0.11541004687499996,0.15048253800781253,0.05,0,
27,optimisation,8,19,8,0,2,12,3.3,399.67,400.0,0.11541004687499996,0.15048253800781253,0.05,0,
27,optimisation,8,19,8,0,2,13,3.5999999999999996,398.33,400.0,0.11541004687499996,0.15048253800781253,0.05,0,
27,optimisation,8,19,8,0,2,14,3.9,398.0,400.0,0.11541004687499996,0.15048253800781253,0.05,0,
27,optimisation,8,19,8,0,2,15,4.2,400.33,400.0,0.11541004687499996,0.15048253800781253,0.05,0,
27,optimisation,8,19,8,0,2,16,4.5,397.33,400.0,0.11541004687499996,0.15048253800781253,0.05,0,
27,optimisation,8,19,8,0,2,17,4.8,399.67,400.0,0.11541004687499996,0.15048253800781253,0.05,0,
27,optimisation,8,19,8,0,2,18,5.1,399.33,400.0,0.11541004687499996,0.15048253800781253,0.05,0,
27,optimisation,8,19,8,0,2,19,5.3999999999999995,398.0,400.0,0.11541004687499996,0.15048253800781253,0.05,0,
27,optimisation,8,19,8,0,2,20,5.7,399.67,400.0,0.11541004687499996,0.15048253800781253,0.05,0,
27,optimisation,8,19,8,0,2,21,6.0,399.33,400.0,0.11541004687499996,0.15048253800781253,0.05,0,
27,optimisation,8,19,8,0,2,22,6.3,399.33,400.0,0.11541004687499996,0.15048253800781253,0.05,0,
27,optimisation,8,19,8,0,2,23,6.6,399.33,400.0,0.11541004687499996,0.15048253800781253,0.05,0,
27,optimisation,8,19,8,0,2,24,6.8999999999999995,398.33,400.0,0.11541004687499996,0.15048253800781253,0.05,0,
27,optimisation,8,19,8,0,2,25,7.199999999999999,401.33,400.0,0.11541004687499996,0.15048253800781253,0.05,0,
27,optimisation,8,19,8,0,2,26,7.5,398.0,400.0,0.11541004687499996,0.15048253800781253,0.05,0,
27,optimisation,8,19,8,0,2,27,7.8,401.0,400.0,0.11541004687499996,0.15048253800781253,0.05,0,
27,optimisation,8,19,8,0,2,28,8.1,399.33,400.0,0.11541004687499996,0.15048253800781253,0.05,0,
27,optimisation,8,19,8,0,2,29,8.4,400.33,400.0,0.11541004687499996,0.15048253800781253,0.05,0,
27,optimisation,8,19,8,0,2,30,8.7,398.33,400.0,0.11541004687499996,0.15048253800781253,0.05,0,
27,optimisation,8,19,8,0,2,31,9.0,400.0,400.0,0.11541004687499996,0.15048253800781253,0.05,0,
27,optimisation,8,19,8,0,2,32,9.299999999999999,399.67,400.0,0.11541004687499996,0.15048253800781253,0.05,0,
27,optimisation,8,19,8,0,2,33,9.6,400.67,400.0,0.11541004687499996,0.15048253800781253,0.05,0,
27,optimisation,8,19,8,0,2,34,9.9,400.33,400.0,0.11541004687499996,0.15048253800781253,0.05,0,
27,optimisation,8,19,8,0,2,35,10.2,400.0,400.0,0.11541004687499996,0.15048253800781253,0.05,0,
27,optimisation,8,19,8,0,2,36,10.5,399.33,400.0,0.11541004687499996,0.15048253800781253,0.05,0,
27,optimisation,8,19,8,0,2,37,10.799999999999999,400.0,400.0,0.11541004687499996,0.15048253800781253,0.05,0,
27,optimisation,8,19,8,0,2,38,11.1,400.33,400.0,0.11541004687499996,0.15048253800781253,0.05,0,
27,optimisation,8,19,8,0,2,39,11.4,399.33,400.0,0.11541004687499996,0.15048253800781253,0.05,0,
27,optimisation,8,19,8,0,3,1,0.0,358.67,400.0,0.11541004687499996,0.15048253800781253,0.05,0,
27,optimisation,8,19,8,0,3,2,0.3,389.67,400.0,0.11541004687499996,0.15048253800781253,0.05,0,
27,optimisation,8,19,8,0,3,3,0.6,382.67,400.0,0.11541004687499996,0.15048253800781253,0.05,0,
27,optimisation,8,19,8,0,3,4,0.8999999999999999,392.33,400.0,0.11541004687499996,0.15048253800781253,0.05,0,
27,optimisation,8,19,8,0,3,5,1.2,392.0,400.0,0.11541004687499996,0.15048253800781253,0.05,0,
27,optimisation,8,19,8,0,3,6,1.5,396.0,400.0,0.11541004687499996,0.15048253800781253,0.05,0,
27,optimisation,8,19,8,0,3,7,1.7999999999999998,396.33,400.0,0.11541004687499996,0.15048253800781253,0.05,0,
27,optimisation,8,19,8,0,3,8,2.1,398.0,400.0,0.11541004687499996,0.15048253800781253,0.05,0,
27,optimisation,8,19,8,0,3,9,2.4,398.67,400.0,0.11541004687499996,0.15048253800781253,0.05,0,
27,optimisation,8,19,8,0,3,10,2.6999999999999997,399.0,400.0,0.11541004687499996,0.15048253800781253,0.05,0,
27,optimisation,8,19,8,0,3,11,3.0,399.67,400.0,0.11541004687499996,0.15048253800781253,0.05,0,
27,optimisation,8,19,8,0,3,12,3.3,401.0,400.0,0.11541004687499996,0.15048253800781253,0.05,0,
27,optimisation,8,19,8,0,3,13,3.5999999999999996,399.33,400.0,0.11541004687499996,0.15048253800781253,0.05,0,
27,optimisation,8,19,8,0,3,14,3.9,399.0,400.0,0.11541004687499996,0.15048253800781253,0.05,0,
27,optimisation,8,19,8,0,3,15,4.2,400.33,400.0,0.11541004687499996,0.15048253800781253,0.05,0,
27,optimisation,8,19,8,0,3,16,4.5,400.67,400.0,0.11541004687499996,0.15048253800781253,0.05,0,
27,optimisation,8,19,8,0,3,17,4.8,398.67,400.0,0.11541004687499996,0.15048253800781253,0.05,0,
27,optimisation,8,19,8,0,3,18,5.1,400.33,400.0,0.11541004687499996,0.15048253800781253,0.05,0,
27,optimisation,8,19,8,0,3,19,5.3999999999999995,399.33,400.0,0.11541004687499996,0.15048253800781253,0.05,0,
27,optimisation,8,19,8,0,3,20,5.7,400.0,400.0,0.11541004687499996,0.15048253800781253,0.05,0,
27,optimisation,8,19,8,0,3,21,6.0,401.0,400.0,0.11541004687499996,0.15048253800781253,0.05,0,
27,optimisation,8,19,8,0,3,22,6.3,399.67,400.0,0.11541004687499996,0.15048253800781253,0.05,0,
27,optimisation,8,19,8,0,3,23,6.6,401.0,400.0,0.11541004687499996,0.15048253800781253,0.05,0,
27,optimisation,8,19,8,0,3,24,6.8999999999999995,399.33,400.0,0.11541004687499996,0.15048253800781253,0.05,0,
27,optimisation,8,19,8,0,3,25,7.199999999999999,400.33,400.0,0.11541004687499996,0.15048253800781253,0.05,0,
27,optimisation,8,19,8,0,3,26,7.5,400.0,400.0,0.11541004687499996,0.15048253800781253,0.05,0,
27,optimisation,8,19,8,0,3,27,7.8,399.33,400.0,0.11541004687499996,0.15048253800781253,0.05,0,
27,optimisation,8,19,8,0,3,28,8.1,401.33,400.0,0.11541004687499996,0.15048253800781253,0.05,0,
27,optimisation,8,19,8,0,3,29,8.4,399.0,400.0,0.11541004687499996,0.15048253800781253,0.05,0,
27,optimisation,8,19,8,0,3,30,8.7,401.33,400.0,0.11541004687499996,0.15048253800781253,0.05,0,
27,optimisation,8,19,8,0,3,31,9.0,399.0,400.0,0.11541004687499996,0.15048253800781253,0.05,0,
27,optimisation,8,19,8,0,3,32,9.299999999999999,399.67,400.0,0.11541004687499996,0.15048253800781253,0.05,0,
27,optimisation,8,19,8,0,3,33,9.6,400.67,400.0,0.11541004687499996,0.15048253800781253,0.05,0,
27,optimisation,8,19,8,0,3,34,9.9,399.67,400.0,0.11541004687499996,0.15048253800781253,0.05,0,
27,optimisation,8,19,8,0,3,35,10.2,401.33,400.0,0.11541004687499996,0.15048253800781253,0.05,0,
27,optimisation,8,19,8,0,3,36,10.5,399.33,400.0,0.11541004687499996,0.15048253800781253,0.05,0,
27,optimisation,8,19,8,0,3,37,10.799999999999999,401.33,400.0,0.11541004687499996,0.15048253800781253,0.05,0,
27,optimisation,8,19,8,0,3,38,11.1,400.0,400.0,0.11541004687499996,0.15048253800781253,0.05,0,
27,optimisation,8,19,8,0,3,39,11.4,401.0,400.0,0.11541004687499996,0.15048253800781253,0.05,0,
28,optimisation,9,19,9,0,2,1,0.0,370.0,400.0,0.11541004687499996,0.20988358671875001,0.0301996504296875,0,
28,optimisation,9,19,9,0,2,2,0.3,391.33,400.0,0.11541004687499996,0.20988358671875001,0.0301996504296875,0,
28,optimisation,9,19,9,0,2,3,0.6,390.67,400.0,0.11541004687499996,0.20988358671875001,0.0301996504296875,0,
28,optimisation,9,19,9,0,2,4,0.8999999999999999,394.0,400.0,0.11541004687499996,0.20988358671875001,0.0301996504296875,0,
28,optimisation,9,19,9,0,2,5,1.2,400.0,400.0,0.11541004687499996,0.20988358671875001,0.0301996504296875,0,
28,optimisation,9,19,9,0,2,6,1.5,397.33,400.0,0.11541004687499996,0.20988358671875001,0.0301996504296875,0,
28,optimisation,9,19,9,0,2,7,1.7999999999999998,398.67,400.0,0.11541004687499996,0.20988358671875001,0.0301996504296875,0,
28,optimisation,9,19,9,0,2,8,2.1,399.67,400.0,0.11541004687499996,0.20988358671875001,0.0301996504296875,0,
28,optimisation,9,19,9,0,2,9,2.4,399.0,400.0,0.11541004687499996,0.20988358671875001,0.0301996504296875,0,
28,optimisation,9,19,9,0,2,10,2.6999999999999997,400.33,400.0,0.11541004687499996,0.20988358671875001,0.0301996504296875,0,
28,optimisation,9,19,9,0,2,11,3.0,397.33,400.0,0.11541004687499996,0.20988358671875001,0.0301996504296875,0,
28,optimisation,9,19,9,0,2,12,3.3,398.67,400.0,0.11541004687499996,0.20988358671875001,0.0301996504296875,0,
28,optimisation,9,19,9,0,2,13,3.5999999999999996,400.67,400.0,0.11541004687499996,0.20988358671875001,0.0301996504296875,0,
28,optimisation,9,19,9,0,2,14,3.9,399.0,400.0,0.11541004687499996,0.20988358671875001,0.0301996504296875,0,
28,optimisation,9,19,9,0,2,15,4.2,398.67,400.0,0.11541004687499996,0.20988358671875001,0.0301996504296875,0,
28,optimisation,9,19,9,0,2,16,4.5,400.33,400.0,0.11541004687499996,0.20988358671875001,0.0301996504296875,0,
28,optimisation,9,19,9,0,2,17,4.8,399.0,400.0,0.11541004687499996,0.20988358671875001,0.0301996504296875,0,
28,optimisation,9,19,9,0,2,18,5.1,399.0,400.0,0.11541004687499996,0.20988358671875001,0.0301996504296875,0,
28,optimisation,9,19,9,0,2,19,5.3999999999999995,398.33,400.0,0.11541004687499996,0.20988358671875001,0.0301996504296875,0,
28,optimisation,9,19,9,0,2,20,5.7,399.67,400.0,0.11541004687499996,0.20988358671875001,0.0301996504296875,0,
28,optimisation,9,19,9,0,2,21,6.0,400.33,400.0,0.11541004687499996,0.20988358671875001,0.0301996504296875,0,
28,optimisation,9,19,9,0,2,22,6.3,399.33,400.0,0.11541004687499996,0.20988358671875001,0.0301996504296875,0,
28,optimisation,9,19,9,0,2,23,6.6,398.33,400.0,0.11541004687499996,0.20988358671875001,0.0301996504296875,0,
28,optimisation,9,19,9,0,2,24,6.8999999999999995,402.0,400.0,0.11541004687499996,0.20988358671875001,0.0301996504296875,0,
28,optimisation,9,19,9,0,2,25,7.199999999999999,399.33,400.0,0.11541004687499996,0.20988358671875001,0.0301996504296875,0,
28,optimisation,9,19,9,0,2,26,7.5,399.0,400.0,0.11541004687499996,0.20988358671875001,0.0301996504296875,0,
28,optimisation,9,19,9,0,2,27,7.8,400.33,400.0,0.11541004687499996,0.20988358671875001,0.0301996504296875,0,
28,optimisation,9,19,9,0,2,28,8.1,399.0,400.0,0.11541004687499996,0.20988358671875001,0.0301996504296875,0,
28,optimisation,9,19,9,0,2,29,8.4,400.67,400.0,0.11541004687499996,0.20988358671875001,0.0301996504296875,0,
28,optimisation,9,19,9,0,2,30,8.7,398.0,400.0,0.11541004687499996,0.20988358671875001,0.0301996504296875,0,
28,optimisation,9,19,9,0,2,31,9.0,400.0,400.0,0.11541004687499996,0.20988358671875001,0.0301996504296875,0,
28,optimisation,9,19,9,0,2,32,9.299999999999999,401.0,400.0,0.11541004687499996,0.20988358671875001,0.0301996504296875,0,
28,optimisation,9,19,9,0,2,33,9.6,399.0,400.0,0.11541004687499996,0.20988358671875001,0.0301996504296875,0,
28,optimisation,9,19,9,0,2,34,9.9,400.0,400.0,0.11541004687499996,0.20988358671875001,0.0301996504296875,0,
28,optimisation,9,19,9,0,2,35,10.2,401.67,400.0,0.11541004687499996,0.20988358671875001,0.0301996504296875,0,
28,optimisation,9,19,9,0,2,36,10.5,398.33,400.0,0.11541004687499996,0.20988358671875001,0.0301996504296875,0,
28,optimisation,9,19,9,0,2,37,10.799999999999999,401.0,400.0,0.11541004687499996,0.20988358671875001,0.0301996504296875,0,
28,optimisation,9,19,9,0,2,38,11.1,398.67,400.0,0.11541004687499996,0.20988358671875001,0.0301996504296875,0,
28,optimisation,9,19,9,0,2,39,11.4,399.67,400.0,0.11541004687499996,0.20988358671875001,0.0301996504296875,0,
28,optimisation,9,19,9,0,3,1,0.0,359.0,400.0,0.11541004687499996,0.20988358671875001,0.0301996504296875,0,
28,optimisation,9,19,9,0,3,2,0.3,392.67,400.0,0.11541004687499996,0.20988358671875001,0.0301996504296875,0,
28,optimisation,9,19,9,0,3,3,0.6,389.0,400.0,0.11541004687499996,0.20988358671875001,0.0301996504296875,0,
28,optimisation,9,19,9,0,3,4,0.8999999999999999,395.67,400.0,0.11541004687499996,0.20988358671875001,0.0301996504296875,0,
28,optimisation,9,19,9,0,3,5,1.2,398.0,400.0,0.11541004687499996,0.20988358671875001,0.0301996504296875,0,
28,optimisation,9,19,9,0,3,6,1.5,398.0,400.0,0.11541004687499996,0.20988358671875001,0.0301996504296875,0,
28,optimisation,9,19,9,0,3,7,1.7999999999999998,398.33,400.0,0.11541004687499996,0.20988358671875001,0.0301996504296875,0,
28,optimisation,9,19,9,0,3,8,2.1,400.33,400.0,0.11541004687499996,0.20988358671875001,0.0301996504296875,0,
28,optimisation,9,19,9,0,3,9,2.4,398.33,400.0,0.11541004687499996,0.20988358671875001,0.0301996504296875,0,
28,optimisation,9,19,9,0,3,10,2.6999999999999997,400.67,400.0,0.11541004687499996,0.20988358671875001,0.0301996504296875,0,
28,optimisation,9,19,9,0,3,11,3.0,399.33,400.0,0.11541004687499996,0.20988358671875001,0.0301996504296875,0,
28,optimisation,9,19,9,0,3,12,3.3,399.67,400.0,0.11541004687499996,0.20988358671875001,0.0301996504296875,0,
28,optimisation,9,19,9,0,3,13,3.5999999999999996,401.33,400.0,0.11541004687499996,0.20988358671875001,0.0301996504296875,0,
28,optimisation,9,19,9,0,3,14,3.9,399.33,400.0,0.11541004687499996,0.20988358671875001,0.0301996504296875,0,
28,optimisation,9,19,9,0,3,15,4.2,400.0,400.0,0.11541004687499996,0.20988358671875001,0.0301996504296875,0,
28,optimisation,9,19,9,0,3,16,4.5,400.67,400.0,0.11541004687499996,0.20988358671875001,0.0301996504296875,0,
28,optimisation,9,19,9,0,3,17,4.8,400.0,400.0,0.11541004687499996,0.20988358671875001,0.0301996504296875,0,
28,optimisation,9,19,9,0,3,18,5.1,399.67,400.0,0.11541004687499996,0.20988358671875001,0.0301996504296875,0,
28,optimisation,9,19,9,0,3,19,5.3999999999999995,400.67,400.0,0.11541004687499996,0.20988358671875001,0.0301996504296875,0,
28,optimisation,9,19,9,0,3,20,5.7,399.67,400.0,0.11541004687499996,0.20988358671875001,0.0301996504296875,0,
28,optimisation,9,19,9,0,3,21,6.0,400.33,400.0,0.11541004687499996,0.20988358671875001,0.0301996504296875,0,
28,optimisation,9,19,9,0,3,22,6.3,399.67,400.0,0.11541004687499996,0.20988358671875001,0.0301996504296875,0,
28,optimisation,9,19,9,0,3,23,6.6,400.33,400.0,0.11541004687499996,0.20988358671875001,0.0301996504296875,0,
28,optimisation,9,19,9,0,3,24,6.8999999999999995,399.67,400.0,0.11541004687499996,0.20988358671875001,0.0301996504296875,0,
28,optimisation,9,19,9,0,3,25,7.199999999999999,398.33,400.0,0.11541004687499996,0.20988358671875001,0.0301996504296875,0,
28,optimisation,9,19,9,0,3,26,7.5,401.33,400.0,0.11541004687499996,0.20988358671875001,0.0301996504296875,0,
28,optimisation,9,19,9,0,3,27,7.8,398.67,400.0,0.11541004687499996,0.20988358671875001,0.0301996504296875,0,
28,optimisation,9,19,9,0,3,28,8.1,400.33,400.0,0.11541004687499996,0.20988358671875001,0.0301996504296875,0,
28,optimisation,9,19,9,0,3,29,8.4,401.33,400.0,0.11541004687499996,0.20988358671875001,0.0301996504296875,0,
28,optimisation,9,19,9,0,3,30,8.7,400.33,400.0,0.11541004687499996,0.20988358671875001,0.0301996504296875,0,
28,optimisation,9,19,9,0,3,31,9.0,399.33,400.0,0.11541004687499996,0.20988358671875001,0.0301996504296875,0,
28,optimisation,9,19,9,0,3,32,9.299999999999999,400.0,400.0,0.11541004687499996,0.20988358671875001,0.0301996504296875,0,
28,optimisation,9,19,9,0,3,33,9.6,400.33,400.0,0.11541004687499996,0.20988358671875001,0.0301996504296875,0,
28,optimisation,9,19,9,0,3,34,9.9,400.67,400.0,0.11541004687499996,0.20988358671875001,0.0301996504296875,0,
28,optimisation,9,19,9,0,3,35,10.2,401.33,400.0,0.11541004687499996,0.20988358671875001,0.0301996504296875,0,
28,optimisation,9,19,9,0,3,36,10.5,399.67,400.0,0.11541004687499996,0.20988358671875001,0.0301996504296875,0,
28,optimisation,9,19,9,0,3,37,10.799999999999999,398.67,400.0,0.11541004687499996,0.20988358671875001,0.0301996504296875,0,
28,optimisation,9,19,9,0,3,38,11.1,400.67,400.0,0.11541004687499996,0.20988358671875001,0.0301996504296875,0,
28,optimisation,9,19,9,0,3,39,11.4,399.67,400.0,0.11541004687499996,0.20988358671875001,0.0301996504296875,0,
29,optimisation,10,19,10,0,2,1,0.0,369.0,400.0,0.17481109558593744,0.20988358671875001,0.05,0,
29,optimisation,10,19,10,0,2,2,0.3,397.67,400.0,0.17481109558593744,0.20988358671875001,0.05,0,
29,optimisation,10,19,10,0,2,3,0.6,385.67,400.0,0.17481109558593744,0.20988358671875001,0.05,0,
29,optimisation,10,19,10,0,2,4,0.8999999999999999,396.33,400.0,0.17481109558593744,0.20988358671875001,0.05,0,
29,optimisation,10,19,10,0,2,5,1.2,396.33,400.0,0.17481109558593744,0.20988358671875001,0.05,0,
29,optimisation,10,19,10,0,2,6,1.5,398.33,400.0,0.17481109558593744,0.20988358671875001,0.05,0,
29,optimisation,10,19,10,0,2,7,1.7999999999999998,398.0,400.0,0.17481109558593744,0.20988358671875001,0.05,0,
29,optimisation,10,19,10,0,2,8,2.1,398.67,400.0,0.17481109558593744,0.20988358671875001,0.05,0,
29,optimisation,10,19,10,0,2,9,2.4,399.0,400.0,0.17481109558593744,0.20988358671875001,0.05,0,
29,optimisation,10,19,10,0,2,10,2.6999999999999997,398.67,400.0,0.17481109558593744,0.20988358671875001,0.05,0,
29,optimisation,10,19,10,0,2,11,3.0,399.33,400.0,0.17481109558593744,0.20988358671875001,0.05,0,
29,optimisation,10,19,10,0,2,12,3.3,399.67,400.0,0.17481109558593744,0.20988358671875001,0.05,0,
29,optimisation,10,19,10,0,2,13,3.5999999999999996,399.33,400.0,0.17481109558593744,0.20988358671875001,0.05,0,
29,optimisation,10,19,10,0,2,14,3.9,398.0,400.0,0.17481109558593744,0.20988358671875001,0.05,0,
29,optimisation,10,19,10,0,2,15,4.2,399.0,400.0,0.17481109558593744,0.20988358671875001,0.05,0,
29,optimisation,10,19,10,0,2,16,4.5,400.67,400.0,0.17481109558593744,0.20988358671875001,0.05,0,
29,optimisation,10,19,10,0,2,17,4.8,401.0,400.0,0.17481109558593744,0.20988358671875001,0.05,0,
29,optimisation,10,19,10,0,2,18,5.1,397.0,400.0,0.17481109558593744,0.20988358671875001,0.05,0,
29,optimisation,10,19,10,0,2,19,5.3999999999999995,400.33,400.0,0.17481109558593744,0.20988358671875001,0.05,0,
29,optimisation,10,19,10,0,2,20,5.7,399.0,400.0,0.17481109558593744,0.20988358671875001,0.05,0,
29,optimisation,10,19,10,0,2,21,6.0,400.0,400.0,0.17481109558593744,0.20988358671875001,0.05,0,
29,optimisation,10,19,10,0,2,22,6.3,400.0,400.0,0.17481109558593744,0.20988358671875001,0.05,0,
29,optimisation,10,19,10,0,2,23,6.6,400.0,400.0,0.17481109558593744,0.20988358671875001,0.05,0,
29,optimisation,10,19,10,0,2,24,6.8999999999999995,398.0,400.0,0.17481109558593744,0.20988358671875001,0.05,0,
29,optimisation,10,19,10,0,2,25,7.199999999999999,400.67,400.0,0.17481109558593744,0.20988358671875001,0.05,0,
29,optimisation,10,19,10,0,2,26,7.5,400.33,400.0,0.17481109558593744,0.20988358671875001,0.05,0,
29,optimisation,10,19,10,0,2,27,7.8,398.67,400.0,0.17481109558593744,0.20988358671875001,0.05,0,
29,optimisation,10,19,10,0,2,28,8.1,399.33,400.0,0.17481109558593744,0.20988358671875001,0.05,0,
29,optimisation,10,19,10,0,2,29,8.4,400.67,400.0,0.17481109558593744,0.20988358671875001,0.05,0,
29,optimisation,10,19,10,0,2,30,8.7,398.0,400.0,0.17481109558593744,0.20988358671875001,0.05,0,
29,optimisation,10,19,10,0,2,31,9.0,401.0,400.0,0.17481109558593744,0.20988358671875001,0.05,0,
29,optimisation,10,19,10,0,2,32,9.299999999999999,399.33,400.0,0.17481109558593744,0.20988358671875001,0.05,0,
29,optimisation,10,19,10,0,2,33,9.6,400.67,400.0,0.17481109558593744,0.20988358671875001,0.05,0,
29,optimisation,10,19,10,0,2,34,9.9,400.33,400.0,0.17481109558593744,0.20988358671875001,0.05,0,
29,optimisation,10,19,10,0,2,35,10.2,398.67,400.0,0.17481109558593744,0.20988358671875001,0.05,0,
29,optimisation,10,19,10,0,2,36,10.5,401.67,400.0,0.17481109558593744,0.20988358671875001,0.05,0,
29,optimisation,10,19,10,0,2,37,10.799999999999999,398.67,400.0,0.17481109558593744,0.20988358671875001,0.05,0,
29,optimisation,10,19,10,0,2,38,11.1,401.33,400.0,0.17481109558593744,0.20988358671875001,0.05,0,
29,optimisation,10,19,10,0,2,39,11.4,400.0,400.0,0.17481109558593744,0.20988358671875001,0.05,0,
29,optimisation,10,19,10,0,3,1,0.0,359.33,400.0,0.17481109558593744,0.20988358671875001,0.05,0,
29,optimisation,10,19,10,0,3,2,0.3,401.33,400.0,0.17481109558593744,0.20988358671875001,0.05,0,
29,optimisation,10,19,10,0,3,3,0.6,381.0,400.0,0.17481109558593744,0.20988358671875001,0.05,0,
29,optimisation,10,19,10,0,3,4,0.8999999999999999,399.67,400.0,0.17481109558593744,0.20988358671875001,0.05,0,
29,optimisation,10,19,10,0,3,5,1.2,391.33,400.0,0.17481109558593744,0.20988358671875001,0.05,0,
29,optimisation,10,19,10,0,3,6,1.5,402.0,400.0,0.17481109558593744,0.20988358671875001,0.05,0,
29,optimisation,10,19,10,0,3,7,1.7999999999999998,394.67,400.0,0.17481109558593744,0.20988358671875001,0.05,0,
29,optimisation,10,19,10,0,3,8,2.1,401.0,400.0,0.17481109558593744,0.20988358671875001,0.05,0,
29,optimisation,10,19,10,0,3,9,2.4,400.0,400.0,0.17481109558593744,0.20988358671875001,0.05,0,
29,optimisation,10,19,10,0,3,10,2.6999999999999997,398.33,400.0,0.17481109558593744,0.20988358671875001,0.05,0,
29,optimisation,10,19,10,0,3,11,3.0,401.33,400.0,0.17481109558593744,0.20988358671875001,0.05,0,
29,optimisation,10,19,10,0,3,12,3.3,399.33,400.0,0.17481109558593744,0.20988358671875001,0.05,0,
29,optimisation,10,19,10,0,3,13,3.5999999999999996,400.0,400.0,0.17481109558593744,0.20988358671875001,0.05,0,
29,optimisation,10,19,10,0,3,14,3.9,399.67,400.0,0.17481109558593744,0.20988358671875001,0.05,0,
29,optimisation,10,19,10,0,3,15,4.2,400.67,400.0,0.17481109558593744,0.20988358671875001,0.05,0,
29,optimisation,10,19,10,0,3,16,4.5,398.67,400.0,0.17481109558593744,0.20988358671875001,0.05,0,
29,optimisation,10,19,10,0,3,17,4.8,399.33,400.0,0.17481109558593744,0.20988358671875001,0.05,0,
29,optimisation,10,19,10,0,3,18,5.1,401.67,400.0,0.17481109558593744,0.20988358671875001,0.05,0,
29,optimisation,10,19,10,0,3,19,5.3999999999999995,399.0,400.0,0.17481109558593744,0.20988358671875001,0.05,0,
29,optimisation,10,19,10,0,3,20,5.7,400.67,400.0,0.17481109558593744,0.20988358671875001,0.05,0,
29,optimisation,10,19,10,0,3,21,6.0,399.67,400.0,0.17481109558593744,0.20988358671875001,0.05,0,
29,optimisation,10,19,10,0,3,22,6.3,401.33,400.0,0.17481109558593744,0.20988358671875001,0.05,0,
29,optimisation,10,19,10,0,3,23,6.6,399.67,400.0,0.17481109558593744,0.20988358671875001,0.05,0,
29,optimisation,10,19,10,0,3,24,6.8999999999999995,400.0,400.0,0.17481109558593744,0.20988358671875001,0.05,0,
29,optimisation,10,19,10,0,3,25,7.199999999999999,400.0,400.0,0.17481109558593744,0.20988358671875001,0.05,0,
29,optimisation,10,19,10,0,3,26,7.5,401.67,400.0,0.17481109558593744,0.20988358671875001,0.05,0,
29,optimisation,10,19,10,0,3,27,7.8,398.67,400.0,0.17481109558593744,0.20988358671875001,0.05,0,
29,optimisation,10,19,10,0,3,28,8.1,399.67,400.0,0.17481109558593744,0.20988358671875001,0.05,0,
29,optimisation,10,19,10,0,3,29,8.4,399.0,400.0,0.17481109558593744,0.20988358671875001,0.05,0,
29,optimisation,10,19,10,0,3,30,8.7,401.67,400.0,0.17481109558593744,0.20988358671875001,0.05,0,
29,optimisation,10,19,10,0,3,31,9.0,398.67,400.0,0.17481109558593744,0.20988358671875001,0.05,0,
29,optimisation,10,19,10,0,3,32,9.299999999999999,401.0,400.0,0.17481109558593744,0.20988358671875001,0.05,0,
29,optimisation,10,19,10,0,3,33,9.6,401.67,400.0,0.17481109558593744,0.20988358671875001,0.05,0,
29,optimisation,10,19,10,0,3,34,9.9,399.33,400.0,0.17481109558593744,0.20988358671875001,0.05,0,
29,optimisation,10,19,10,0,3,35,10.2,400.0,400.0,0.17481109558593744,0.20988358671875001,0.05,0,
29,optimisation,10,19,10,0,3,36,10.5,400.33,400.0,0.17481109558593744,0.20988358671875001,0.05,0,
29,optimisation,10,19,10,0,3,37,10.799999999999999,399.33,400.0,0.17481109558593744,0.20988358671875001,0.05,0,
29,optimisation,10,19,10,0,3,38,11.1,400.33,400.0,0.17481109558593744,0.20988358671875001,0.05,0,
29,optimisation,10,19,10,0,3,39,11.4,400.33,400.0,0.17481109558593744,0.20988358671875001,0.05,0,
30,optimisation,11,19,11,0,2,1,0.0,370.67,400.0,0.11541004687499996,0.2692846354296875,0.05,0,
30,optimisation,11,19,11,0,2,2,0.3,394.67,400.0,0.11541004687499996,0.2692846354296875,0.05,0,
30,optimisation,11,19,11,0,2,3,0.6,391.0,400.0,0.11541004687499996,0.2692846354296875,0.05,0,
30,optimisation,11,19,11,0,2,4,0.8999999999999999,399.0,400.0,0.11541004687499996,0.2692846354296875,0.05,0,
30,optimisation,11,19,11,0,2,5,1.2,398.67,400.0,0.11541004687499996,0.2692846354296875,0.05,0,
30,optimisation,11,19,11,0,2,6,1.5,398.0,400.0,0.11541004687499996,0.2692846354296875,0.05,0,
30,optimisation,11,19,11,0,2,7,1.7999999999999998,401.33,400.0,0.11541004687499996,0.2692846354296875,0.05,0,
30,optimisation,11,19,11,0,2,8,2.1,398.0,400.0,0.11541004687499996,0.2692846354296875,0.05,0,
30,optimisation,11,19,11,0,2,9,2.4,399.33,400.0,0.11541004687499996,0.2692846354296875,0.05,0,
30,optimisation,11,19,11,0,2,10,2.6999999999999997,399.0,400.0,0.11541004687499996,0.2692846354296875,0.05,0,
30,optimisation,11,19,11,0,2,11,3.0,399.33,400.0,0.11541004687499996,0.2692846354296875,0.05,0,
30,optimisation,11,19,11,0,2,12,3.3,399.67,400.0,0.11541004687499996,0.2692846354296875,0.05,0,
30,optimisation,11,19,11,0,2,13,3.5999999999999996,399.67,400.0,0.11541004687499996,0.2692846354296875,0.05,0,
30,optimisation,11,19,11,0,2,14,3.9,399.33,400.0,0.11541004687499996,0.2692846354296875,0.05,0,
30,optimisation,11,19,11,0,2,15,4.2,399.67,400.0,0.11541004687499996,0.2692846354296875,0.05,0,
30,optimisation,11,19,11,0,2,16,4.5,399.33,400.0,0.11541004687499996,0.2692846354296875,0.05,0,
30,optimisation,11,19,11,0,2,17,4.8,399.33,400.0,0.11541004687499996,0.2692846354296875,0.05,0,
30,optimisation,11,19,11,0,2,18,5.1,398.67,400.0,0.11541004687499996,0.2692846354296875,0.05,0,
30,optimisation,11,19,11,0,2,19,5.3999999999999995,401.0,400.0,0.11541004687499996,0.2692846354296875,0.05,0,
30,optimisation,11,19,11,0,2,20,5.7,399.33,400.0,0.11541004687499996,0.2692846354296875,0.05,0,
30,optimisation,11,19,11,0,2,21,6.0,400.67,400.0,0.11541004687499996,0.2692846354296875,0.05,0,
30,optimisation,11,19,11,0,2,22,6.3,399.67,400.0,0.11541004687499996,0.2692846354296875,0.05,0,
30,optimisation,11,19,11,0,2,23,6.6,399.67,400.0,0.11541004687499996,0.2692846354296875,0.05,0,
30,optimisation,11,19,11,0,2,24,6.8999999999999995,400.0,400.0,0.11541004687499996,0.2692846354296875,0.05,0,
30,optimisation,11,19,11,0,2,25,7.199999999999999,399.33,400.0,0.11541004687499996,0.2692846354296875,0.05,0,
30,optimisation,11,19,11,0,2,26,7.5,398.67,400.0,0.11541004687499996,0.2692846354296875,0.05,0,
30,optimisation,11,19,11,0,2,27,7.8,400.67,400.0,0.11541004687499996,0.2692846354296875,0.05,0,
30,optimisation,11,19,11,0,2,28,8.1,399.67,400.0,0.11541004687499996,0.2692846354296875,0.05,0,
30,optimisation,11,19,11,0,2,29,8.4,398.67,400.0,0.11541004687499996,0.2692846354296875,0.05,0,
30,optimisation,11,19,11,0,2,30,8.7,400.0,400.0,0.11541004687499996,0.2692846354296875,0.05,0,
30,optimisation,11,19,11,0,2,31,9.0,400.67,400.0,0.11541004687499996,0.2692846354296875,0.05,0,
30,optimisation,11,19,11,0,2,32,9.299999999999999,400.33,400.0,0.11541004687499996,0.2692846354296875,0.05,0,
30,optimisation,11,19,11,0,2,33,9.6,401.33,400.0,0.11541004687499996,0.2692846354296875,0.05,0,
30,optimisation,11,19,11,0,2,34,9.9,398.67,400.0,0.11541004687499996,0.2692846354296875,0.05,0,
30,optimisation,11,19,11,0,2,35,10.2,400.0,400.0,0.11541004687499996,0.2692846354296875,0.05,0,
30,optimisation,11,19,11,0,2,36,10.5,401.0,400.0,0.11541004687499996,0.2692846354296875,0.05,0,
30,optimisation,11,19,11,0,2,37,10.799999999999999,399.0,400.0,0.11541004687499996,0.2692846354296875,0.05,0,
30,optimisation,11,19,11,0,2,38,11.1,400.0,400.0,0.11541004687499996,0.2692846354296875,0.05,0,
30,optimisation,11,19,11,0,2,39,11.4,401.33,400.0,0.11541004687499996,0.2692846354296875,0.05,0,
30,optimisation,11,19,11,0,3,1,0.0,358.33,400.0,0.11541004687499996,0.2692846354296875,0.05,0,
30,optimisation,11,19,11,0,3,2,0.3,400.33,400.0,0.11541004687499996,0.2692846354296875,0.05,0,
30,optimisation,11,19,11,0,3,3,0.6,386.0,400.0,0.11541004687499996,0.2692846354296875,0.05,0,
30,optimisation,11,19,11,0,3,4,0.8999999999999999,402.33,400.0,0.11541004687499996,0.2692846354296875,0.05,0,
30,optimisation,11,19,11,0,3,5,1.2,396.0,400.0,0.11541004687499996,0.2692846354296875,0.05,0,
30,optimisation,11,19,11,0,3,6,1.5,400.0,400.0,0.11541004687499996,0.2692846354296875,0.05,0,
30,optimisation,11,19,11,0,3,7,1.7999999999999998,401.33,400.0,0.11541004687499996,0.2692846354296875,0.05,0,
30,optimisation,11,19,11,0,3,8,2.1,398.67,400.0,0.11541004687499996,0.2692846354296875,0.05,0,
30,optimisation,11,19,11,0,3,9,2.4,399.0,400.0,0.11541004687499996,0.2692846354296875,0.05,0,
30,optimisation,11,19,11,0,3,10,2.6999999999999997,401.33,400.0,0.11541004687499996,0.2692846354296875,0.05,0,
30,optimisation,11,19,11,0,3,11,3.0,401.67,400.0,0.11541004687499996,0.2692846354296875,0.05,0,
30,optimisation,11,19,11,0,3,12,3.3,398.0,400.0,0.11541004687499996,0.2692846354296875,0.05,0,
30,optimisation,11,19,11,0,3,13,3.5999999999999996,401.67,400.0,0.11541004687499996,0.2692846354296875,0.05,0,
30,optimisation,11,19,11,0,3,14,3.9,400.0,400.0,0.11541004687499996,0.2692846354296875,0.05,0,
30,optimisation,11,19,11,0,3,15,4.2,400.0,400.0,0.11541004687499996,0.2692846354296875,0.05,0,
30,optimisation,11,19,11,0,3,16,4.5,400.0,400.0,0.11541004687499996,0.2692846354296875,0.05,0,
30,optimisation,11,19,11,0,3,17,4.8,399.33,400.0,0.11541004687499996,0.2692846354296875,0.05,0,
30,optimisation,11,19,11,0,3,18,5.1,400.0,400.0,0.11541004687499996,0.2692846354296875,0.05,0,
30,optimisation,11,19,11,0,3,19,5.3999999999999995,400.33,400.0,0.11541004687499996,0.2692846354296875,0.05,0,
30,optimisation,11,19,11,0,3,20,5.7,400.67,400.0,0.11541004687499996,0.2692846354296875,0.05,0,
30,optimisation,11,19,11,0,3,21,6.0,400.33,400.0,0.11541004687499996,0.2692846354296875,0.05,0,
30,optimisation,11,19,11,0,3,22,6.3,399.33,400.0,0.11541004687499996,0.2692846354296875,0.05,0,
30,optimisation,11,19,11,0,3,23,6.6,399.67,400.0,0.11541004687499996,0.2692846354296875,0.05,0,
30,optimisation,11,19,11,0,3,24,6.8999999999999995,401.0,400.0,0.11541004687499996,0.2692846354296875,0.05,0,
30,optimisation,11,19,11,0,3,25,7.199999999999999,400.0,400.0,0.11541004687499996,0.2692846354296875,0.05,0,
30,optimisation,11,19,11,0,3,26,7.5,400.0,400.0,0.11541004687499996,0.2692846354296875,0.05,0,
30,optimisation,11,19,11,0,3,27,7.8,398.33,400.0,0.11541004687499996,0.2692846354296875,0.05,0,
30,optimisation,11,19,11,0,3,28,8.1,402.67,400.0,0.11541004687499996,0.2692846354296875,0.05,0,
30,optimisation,11,19,11,0,3,29,8.4,398.0,400.0,0.11541004687499996,0.2692846354296875,0.05,0,
30,optimisation,11,19,11,0,3,30,8.7,401.33,400.0,0.11541004687499996,0.2692846354296875,0.05,0,
30,optimisation,11,19,11,0,3,31,9.0,398.67,400.0,0.11541004687499996,0.2692846354296875,0.05,0,
30,optimisation,11,19,11,0,3,32,9.299999999999999,398.67,400.0,0.11541004687499996,0.2692846354296875,0.05,0,
30,optimisation,11,19,11,0,3,33,9.6,401.33,400.0,0.11541004687499996,0.2692846354296875,0.05,0,
30,optimisation,11,19,11,0,3,34,9.9,401.33,400.0,0.11541004687499996,0.2692846354296875,0.05,0,
30,optimisation,11,19,11,0,3,35,10.2,400.0,400.0,0.11541004687499996,0.2692846354296875,0.05,0,
30,optimisation,11,19,11,0,3,36,10.5,400.0,400.0,0.11541004687499996,0.2692846354296875,0.05,0,
30,optimisation,11,19,11,0,3,37,10.799999999999999,399.33,400.0,0.11541004687499996,0.2692846354296875,0.05,0,
30,optimisation,11,19,11,0,3,38,11.1,401.0,400.0,0.11541004687499996,0.2692846354296875,0.05,0,
30,optimisation,11,19,11,0,3,39,11.4,400.33,400.0,0.11541004687499996,0.2692846354296875,0.05,0,
31,optimisation,12,19,12,0,2,1,0.0,368.33,400.0,0.11541004687499996,0.20988358671875001,0.0698003495703125,0,
31,optimisation,12,19,12,0,2,2,0.3,394.33,400.0,0.11541004687499996,0.20988358671875001,0.0698003495703125,0,
31,optimisation,12,19,12,0,2,3,0.6,386.0,400.0,0.11541004687499996,0.20988358671875001,0.0698003495703125,0,
31,optimisation,12,19,12,0,2,4,0.8999999999999999,397.67,400.0,0.11541004687499996,0.20988358671875001,0.0698003495703125,0,
31,optimisation,12,19,12,0,2,5,1.2,395.33,400.0,0.11541004687499996,0.20988358671875001,0.0698003495703125,0,
31,optimisation,12,19,12,0,2,6,1.5,399.0,400.0,0.11541004687499996,0.20988358671875001,0.0698003495703125,0,
31,optimisation,12,19,12,0,2,7,1.7999999999999998,396.67,400.0,0.11541004687499996,0.20988358671875001,0.0698003495703125,0,
31,optimisation,12,19,12,0,2,8,2.1,401.0,400.0,0.11541004687499996,0.20988358671875001,0.0698003495703125,0,
31,optimisation,12,19,12,0,2,9,2.4,397.33,400.0,0.11541004687499996,0.20988358671875001,0.0698003495703125,0,
31,optimisation,12,19,12,0,2,10,2.6999999999999997,400.0,400.0,0.11541004687499996,0.20988358671875001,0.0698003495703125,0,
31,optimisation,12,19,12,0,2,11,3.0,399.0,400.0,0.11541004687499996,0.20988358671875001,0.0698003495703125,0,
31,optimisation,12,19,12,0,2,12,3.3,400.0,400.0,0.11541004687499996,0.20988358671875001,0.0698003495703125,0,
31,optimisation,12,19,12,0,2,13,3.5999999999999996,399.33,400.0,0.11541004687499996,0.20988358671875001,0.0698003495703125,0,
31,optimisation,12,19,12,0,2,14,3.9,399.67,400.0,0.11541004687499996,0.20988358671875001,0.0698003495703125,0,
31,optimisation,12,19,12,0,2,15,4.2,399.33,400.0,0.11541004687499996,0.20988358671875001,0.0698003495703125,0,
31,optimisation,12,19,12,0,2,16,4.5,400.0,400.0,0.11541004687499996,0.20988358671875001,0.0698003495703125,0,
31,optimisation,12,19,12,0,2,17,4.8,398.0,400.0,0.11541004687499996,0.20988358671875001,0.0698003495703125,0,
31,optimisation,12,19,12,0,2,18,5.1,399.67,400.0,0.11541004687499996,0.20988358671875001,0.0698003495703125,0,
31,optimisation,12,19,12,0,2,19,5.3999999999999995,401.33,400.0,0.11541004687499996,0.20988358671875001,0.0698003495703125,0,
31,optimisation,12,19,12,0,2,20,5.7,399.0,400.0,0.11541004687499996,0.20988358671875001,0.0698003495703125,0,
31,optimisation,12,19,12,0,2,21,6.0,399.67,400.0,0.11541004687499996,0.20988358671875001,0.0698003495703125,0,
31,optimisation,12,19,12,0,2,22,6.3,398.67,400.0,0.11541004687499996,0.20988358671875001,0.0698003495703125,0,
31,optimisation,12,19,12,0,2,23,6.6,398.67,400.0,0.11541004687499996,0.20988358671875001,0.0698003495703125,0,
31,optimisation,12,19,12,0,2,24,6.8999999999999995,401.0,400.0,0.11541004687499996,0.20988358671875001,0.0698003495703125,0,
31,optimisation,12,19,12,0,2,25,7.199999999999999,398.0,400.0,0.11541004687499996,0.20988358671875001,0.0698003495703125,0,
31,optimisation,12,19,12,0,2,26,7.5,401.67,400.0,0.11541004687499996,0.20988358671875001,0.0698003495703125,0,
31,optimisation,12,19,12,0,2,27,7.8,399.0,400.0,0.11541004687499996,0.20988358671875001,0.0698003495703125,0,
31,optimisation,12,19,12,0,2,28,8.1,400.33,400.0,0.11541004687499996,0.20988358671875001,0.0698003495703125,0,
31,optimisation,12,19,12,0,2,29,8.4,399.33,400.0,0.11541004687499996,0.20988358671875001,0.0698003495703125,0,
31,optimisation,12,19,12,0,2,30,8.7,399.33,400.0,0.11541004687499996,0.20988358671875001,0.0698003495703125,0,
31,optimisation,12,19,12,0,2,31,9.0,400.0,400.0,0.11541004687499996,0.20988358671875001,0.0698003495703125,0,
31,optimisation,12,19,12,0,2,32,9.299999999999999,398.67,400.0,0.11541004687499996,0.20988358671875001,0.0698003495703125,0,
31,optimisation,12,19,12,0,2,33,9.6,401.0,400.0,0.11541004687499996,0.20988358671875001,0.0698003495703125,0,
31,optimisation,12,19,12,0,2,34,9.9,400.33,400.0,0.11541004687499996,0.20988358671875001,0.0698003495703125,0,
31,optimisation,12,19,12,0,2,35,10.2,399.0,400.0,0.11541004687499996,0.20988358671875001,0.0698003495703125,0,
31,optimisation,12,19,12,0,2,36,10.5,400.33,400.0,0.11541004687499996,0.20988358671875001,0.0698003495703125,0,
31,optimisation,12,19,12,0,2,37,10.799999999999999,401.0,400.0,0.11541004687499996,0.20988358671875001,0.0698003495703125,0,
31,optimisation,12,19,12,0,2,38,11.1,399.0,400.0,0.11541004687499996,0.20988358671875001,0.0698003495703125,0,
31,optimisation,12,19,12,0,2,39,11.4,399.67,400.0,0.11541004687499996,0.20988358671875001,0.0698003495703125,0,
31,optimisation,12,19,12,0,3,1,0.0,358.0,400.0,0.11541004687499996,0.20988358671875001,0.0698003495703125,0,
31,optimisation,12,19,12,0,3,2,0.3,394.67,400.0,0.11541004687499996,0.20988358671875001,0.0698003495703125,0,
31,optimisation,12,19,12,0,3,3,0.6,383.67,400.0,0.11541004687499996,0.20988358671875001,0.0698003495703125,0,
31,optimisation,12,19,12,0,3,4,0.8999999999999999,397.0,400.0,0.11541004687499996,0.20988358671875001,0.0698003495703125,0,
31,optimisation,12,19,12,0,3,5,1.2,395.67,400.0,0.11541004687499996,0.20988358671875001,0.0698003495703125,0,
31,optimisation,12,19,12,0,3,6,1.5,399.33,400.0,0.11541004687499996,0.20988358671875001,0.0698003495703125,0,
31,optimisation,12,19,12,0,3,7,1.7999999999999998,397.33,400.0,0.11541004687499996,0.20988358671875001,0.0698003495703125,0,
31,optimisation,12,19,12,0,3,8,2.1,401.33,400.0,0.11541004687499996,0.20988358671875001,0.0698003495703125,0,
31,optimisation,12,19,12,0,3,9,2.4,400.67,400.0,0.11541004687499996,0.20988358671875001,0.0698003495703125,0,
31,optimisation,12,19,12,0,3,10,2.6999999999999997,398.67,400.0,0.11541004687499996,0.20988358671875001,0.0698003495703125,0,
31,optimisation,12,19,12,0,3,11,3.0,401.0,400.0,0.11541004687499996,0.20988358671875001,0.0698003495703125,0,
31,optimisation,12,19,12,0,3,12,3.3,398.33,400.0,0.11541004687499996,0.20988358671875001,0.0698003495703125,0,
31,optimisation,12,19,12,0,3,13,3.5999999999999996,402.33,400.0,0.11541004687499996,0.20988358671875001,0.0698003495703125,0,
31,optimisation,12,19,12,0,3,14,3.9,398.0,400.0,0.11541004687499996,0.20988358671875001,0.0698003495703125,0,
31,optimisation,12,19,12,0,3,15,4.2,401.0,400.0,0.11541004687499996,0.20988358671875001,0.0698003495703125,0,
31,optimisation,12,19,12,0,3,16,4.5,400.0,400.0,0.11541004687499996,0.20988358671875001,0.0698003495703125,0,
31,optimisation,12,19,12,0,3,17,4.8,399.33,400.0,0.11541004687499996,0.20988358671875001,0.0698003495703125,0,
31,optimisation,12,19,12,0,3,18,5.1,400.0,400.0,0.11541004687499996,0.20988358671875001,0.0698003495703125,0,
31,optimisation,12,19,12,0,3,19,5.3999999999999995,400.33,400.0,0.11541004687499996,0.20988358671875001,0.0698003495703125,0,
31,optimisation,12,19,12,0,3,20,5.7,400.0,400.0,0.11541004687499996,0.20988358671875001,0.0698003495703125,0,
31,optimisation,12,19,12,0,3,21,6.0,399.33,400.0,0.11541004687499996,0.20988358671875001,0.0698003495703125,0,
31,optimisation,12,19,12,0,3,22,6.3,401.33,400.0,0.11541004687499996,0.20988358671875001,0.0698003495703125,0,
31,optimisation,12,19,12,0,3,23,6.6,398.67,400.0,0.11541004687499996,0.20988358671875001,0.0698003495703125,0,
31,optimisation,12,19,12,0,3,24,6.8999999999999995,402.0,400.0,0.11541004687499996,0.20988358671875001,0.0698003495703125,0,
31,optimisation,12,19,12,0,3,25,7.199999999999999,398.33,400.0,0.11541004687499996,0.20988358671875001,0.0698003495703125,0,
31,optimisation,12,19,12,0,3,26,7.5,401.0,400.0,0.11541004687499996,0.20988358671875001,0.0698003495703125,0,
31,optimisation,12,19,12,0,3,27,7.8,400.0,400.0,0.11541004687499996,0.20988358671875001,0.0698003495703125,0,
31,optimisation,12,19,12,0,3,28,8.1,400.33,400.0,0.11541004687499996,0.20988358671875001,0.0698003495703125,0,
31,optimisation,12,19,12,0,3,29,8.4,399.67,400.0,0.11541004687499996,0.20988358671875001,0.0698003495703125,0,
31,optimisation,12,19,12,0,3,30,8.7,401.0,400.0,0.11541004687499996,0.20988358671875001,0.0698003495703125,0,
31,optimisation,12,19,12,0,3,31,9.0,400.0,400.0,0.11541004687499996,0.20988358671875001,0.0698003495703125,0,
31,optimisation,12,19,12,0,3,32,9.299999999999999,400.0,400.0,0.11541004687499996,0.20988358671875001,0.0698003495703125,0,
31,optimisation,12,19,12,0,3,33,9.6,401.0,400.0,0.11541004687499996,0.20988358671875001,0.0698003495703125,0,
31,optimisation,12,19,12,0,3,34,9.9,398.0,400.0,0.11541004687499996,0.20988358671875001,0.0698003495703125,0,
31,optimisation,12,19,12,0,3,35,10.2,402.67,400.0,0.11541004687499996,0.20988358671875001,0.0698003495703125,0,
31,optimisation,12,19,12,0,3,36,10.5,396.67,400.0,0.11541004687499996,0.20988358671875001,0.0698003495703125,0,
31,optimisation,12,19,12,0,3,37,10.799999999999999,402.0,400.0,0.11541004687499996,0.20988358671875001,0.0698003495703125,0,
31,optimisation,12,19,12,0,3,38,11.1,398.33,400.0,0.11541004687499996,0.20988358671875001,0.0698003495703125,0,
31,optimisation,12,19,12,0,3,39,11.4,401.33,400.0,0.11541004687499996,0.20988358671875001,0.0698003495703125,0,
32,validation,1,19,12,1,2,1,0.0,366.67,400.0,0.11541004687499996,0.20988358671875001,0.05,0,
32,validation,1,19,12,1,2,2,0.3,393.0,400.0,0.11541004687499996,0.20988358671875001,0.05,0,
32,validation,1,19,12,1,2,3,0.6,388.67,400.0,0.11541004687499996,0.20988358671875001,0.05,0,
32,validation,1,19,12,1,2,4,0.8999999999999999,395.67,400.0,0.11541004687499996,0.20988358671875001,0.05,0,
32,validation,1,19,12,1,2,5,1.2,397.67,400.0,0.11541004687499996,0.20988358671875001,0.05,0,
32,validation,1,19,12,1,2,6,1.5,397.67,400.0,0.11541004687499996,0.20988358671875001,0.05,0,
32,validation,1,19,12,1,2,7,1.7999999999999998,398.67,400.0,0.11541004687499996,0.20988358671875001,0.05,0,
32,validation,1,19,12,1,2,8,2.1,399.33,400.0,0.11541004687499996,0.20988358671875001,0.05,0,
32,validation,1,19,12,1,2,9,2.4,400.0,400.0,0.11541004687499996,0.20988358671875001,0.05,0,
32,validation,1,19,12,1,2,10,2.6999999999999997,399.0,400.0,0.11541004687499996,0.20988358671875001,0.05,0,
32,validation,1,19,12,1,2,11,3.0,399.67,400.0,0.11541004687499996,0.20988358671875001,0.05,0,
32,validation,1,19,12,1,2,12,3.3,400.33,400.0,0.11541004687499996,0.20988358671875001,0.05,0,
32,validation,1,19,12,1,2,13,3.5999999999999996,398.0,400.0,0.11541004687499996,0.20988358671875001,0.05,0,
32,validation,1,19,12,1,2,14,3.9,400.67,400.0,0.11541004687499996,0.20988358671875001,0.05,0,
32,validation,1,19,12,1,2,15,4.2,399.33,400.0,0.11541004687499996,0.20988358671875001,0.05,0,
32,validation,1,19,12,1,2,16,4.5,398.0,400.0,0.11541004687499996,0.20988358671875001,0.05,0,
32,validation,1,19,12,1,2,17,4.8,401.33,400.0,0.11541004687499996,0.20988358671875001,0.05,0,
32,validation,1,19,12,1,2,18,5.1,399.33,400.0,0.11541004687499996,0.20988358671875001,0.05,0,
32,validation,1,19,12,1,2,19,5.3999999999999995,399.33,400.0,0.11541004687499996,0.20988358671875001,0.05,0,
32,validation,1,19,12,1,2,20,5.7,400.67,400.0,0.11541004687499996,0.20988358671875001,0.05,0,
32,validation,1,19,12,1,2,21,6.0,397.0,400.0,0.11541004687499996,0.20988358671875001,0.05,0,
32,validation,1,19,12,1,2,22,6.3,402.0,400.0,0.11541004687499996,0.20988358671875001,0.05,0,
32,validation,1,19,12,1,2,23,6.6,398.67,400.0,0.11541004687499996,0.20988358671875001,0.05,0,
32,validation,1,19,12,1,2,24,6.8999999999999995,398.33,400.0,0.11541004687499996,0.20988358671875001,0.05,0,
32,validation,1,19,12,1,2,25,7.199999999999999,402.0,400.0,0.11541004687499996,0.20988358671875001,0.05,0,
32,validation,1,19,12,1,2,26,7.5,396.67,400.0,0.11541004687499996,0.20988358671875001,0.05,0,
32,validation,1,19,12,1,2,27,7.8,401.33,400.0,0.11541004687499996,0.20988358671875001,0.05,0,
32,validation,1,19,12,1,2,28,8.1,399.33,400.0,0.11541004687499996,0.20988358671875001,0.05,0,
32,validation,1,19,12,1,2,29,8.4,399.67,400.0,0.11541004687499996,0.20988358671875001,0.05,0,
32,validation,1,19,12,1,2,30,8.7,400.0,400.0,0.11541004687499996,0.20988358671875001,0.05,0,
32,validation,1,19,12,1,2,31,9.0,398.67,400.0,0.11541004687499996,0.20988358671875001,0.05,0,
32,validation,1,19,12,1,2,32,9.299999999999999,402.33,400.0,0.11541004687499996,0.20988358671875001,0.05,0,
32,validation,1,19,12,1,2,33,9.6,397.67,400.0,0.11541004687499996,0.20988358671875001,0.05,0,
32,validation,1,19,12,1,2,34,9.9,401.33,400.0,0.11541004687499996,0.20988358671875001,0.05,0,
32,validation,1,19,12,1,2,35,10.2,397.67,400.0,0.11541004687499996,0.20988358671875001,0.05,0,
32,validation,1,19,12,1,2,36,10.5,400.67,400.0,0.11541004687499996,0.20988358671875001,0.05,0,
32,validation,1,19,12,1,2,37,10.799999999999999,399.0,400.0,0.11541004687499996,0.20988358671875001,0.05,0,
32,validation,1,19,12,1,2,38,11.1,400.33,400.0,0.11541004687499996,0.20988358671875001,0.05,0,
32,validation,1,19,12,1,2,39,11.4,400.0,400.0,0.11541004687499996,0.20988358671875001,0.05,0,
32,validation,1,19,12,1,3,1,0.0,358.0,400.0,0.11541004687499996,0.20988358671875001,0.05,0,
32,validation,1,19,12,1,3,2,0.3,393.0,400.0,0.11541004687499996,0.20988358671875001,0.05,0,
32,validation,1,19,12,1,3,3,0.6,385.33,400.0,0.11541004687499996,0.20988358671875001,0.05,0,
32,validation,1,19,12,1,3,4,0.8999999999999999,397.0,400.0,0.11541004687499996,0.20988358671875001,0.05,0,
32,validation,1,19,12,1,3,5,1.2,395.0,400.0,0.11541004687499996,0.20988358671875001,0.05,0,
32,validation,1,19,12,1,3,6,1.5,397.67,400.0,0.11541004687499996,0.20988358671875001,0.05,0,
32,validation,1,19,12,1,3,7,1.7999999999999998,398.67,400.0,0.11541004687499996,0.20988358671875001,0.05,0,
32,validation,1,19,12,1,3,8,2.1,399.0,400.0,0.11541004687499996,0.20988358671875001,0.05,0,
32,validation,1,19,12,1,3,9,2.4,401.33,400.0,0.11541004687499996,0.20988358671875001,0.05,0,
32,validation,1,19,12,1,3,10,2.6999999999999997,398.33,400.0,0.11541004687499996,0.20988358671875001,0.05,0,
32,validation,1,19,12,1,3,11,3.0,400.67,400.0,0.11541004687499996,0.20988358671875001,0.05,0,
32,validation,1,19,12,1,3,12,3.3,399.33,400.0,0.11541004687499996,0.20988358671875001,0.05,0,
32,validation,1,19,12,1,3,13,3.5999999999999996,401.67,400.0,0.11541004687499996,0.20988358671875001,0.05,0,
32,validation,1,19,12,1,3,14,3.9,399.67,400.0,0.11541004687499996,0.20988358671875001,0.05,0,
32,validation,1,19,12,1,3,15,4.2,400.0,400.0,0.11541004687499996,0.20988358671875001,0.05,0,
32,validation,1,19,12,1,3,16,4.5,401.67,400.0,0.11541004687499996,0.20988358671875001,0.05,0,
32,validation,1,19,12,1,3,17,4.8,398.67,400.0,0.11541004687499996,0.20988358671875001,0.05,0,
32,validation,1,19,12,1,3,18,5.1,400.67,400.0,0.11541004687499996,0.20988358671875001,0.05,0,
32,validation,1,19,12,1,3,19,5.3999999999999995,400.0,400.0,0.11541004687499996,0.20988358671875001,0.05,0,
32,validation,1,19,12,1,3,20,5.7,399.67,400.0,0.11541004687499996,0.20988358671875001,0.05,0,
32,validation,1,19,12,1,3,21,6.0,399.67,400.0,0.11541004687499996,0.20988358671875001,0.05,0,
32,validation,1,19,12,1,3,22,6.3,399.67,400.0,0.11541004687499996,0.20988358671875001,0.05,0,
32,validation,1,19,12,1,3,23,6.6,401.67,400.0,0.11541004687499996,0.20988358671875001,0.05,0,
32,validation,1,19,12,1,3,24,6.8999999999999995,399.33,400.0,0.11541004687499996,0.20988358671875001,0.05,0,
32,validation,1,19,12,1,3,25,7.199999999999999,399.33,400.0,0.11541004687499996,0.20988358671875001,0.05,0,
32,validation,1,19,12,1,3,26,7.5,400.33,400.0,0.11541004687499996,0.20988358671875001,0.05,0,
32,validation,1,19,12,1,3,27,7.8,401.33,400.0,0.11541004687499996,0.20988358671875001,0.05,0,
32,validation,1,19,12,1,3,28,8.1,399.0,400.0,0.11541004687499996,0.20988358671875001,0.05,0,
32,validation,1,19,12,1,3,29,8.4,402.0,400.0,0.11541004687499996,0.20988358671875001,0.05,0,
32,validation,1,19,12,1,3,30,8.7,397.67,400.0,0.11541004687499996,0.20988358671875001,0.05,0,
32,validation,1,19,12,1,3,31,9.0,400.33,400.0,0.11541004687499996,0.20988358671875001,0.05,0,
32,validation,1,19,12,1,3,32,9.299999999999999,401.0,400.0,0.11541004687499996,0.20988358671875001,0.05,0,
32,validation,1,19,12,1,3,33,9.6,398.33,400.0,0.11541004687499996,0.20988358671875001,0.05,0,
32,validation,1,19,12,1,3,34,9.9,401.33,400.0,0.11541004687499996,0.20988358671875001,0.05,0,
32,validation,1,19,12,1,3,35,10.2,399.33,400.0,0.11541004687499996,0.20988358671875001,0.05,0,
32,validation,1,19,12,1,3,36,10.5,401.0,400.0,0.11541004687499996,0.20988358671875001,0.05,0,
32,validation,1,19,12,1,3,37,10.799999999999999,400.0,400.0,0.11541004687499996,0.20988358671875001,0.05,0,
32,validation,1,19,12,1,3,38,11.1,401.33,400.0,0.11541004687499996,0.20988358671875001,0.05,0,
32,validation,1,19,12,1,3,39,11.4,398.67,400.0,0.11541004687499996,0.20988358671875001,0.05,0,
