kp,ki,kd,score,overshoot_pct,settling_s,iae,aborted
4.779257921161398,1.100608739196983,0.7796910002727695,24.309674785,0.0,14.99,1.824674785000001,0
3.5811009476789226,2.6749965171215475,0.09997491581800291,30.395194544999992,3.7743749999999965,14.99,0.36144454500000023,0
2.7554933517952036,2.0022516668341312,0.1428668179219408,28.09822993999998,2.99424999999999,14.44,0.44972994000000033,0
